[2026-10-02T08:17:19.737+0000][0.003s][11677] CardTable entry size: 512
[2026-10-02T08:17:19.737+0000][0.003s][11677] Using Parallel
[2026-10-02T08:17:19.738+0000][0.004s][11677] Version: 25.0.4.1+1-LTS (release)
[2026-10-02T08:17:19.738+0000][0.004s][11677] CPUs: 4 total, 4 available
[2026-10-02T08:17:19.738+0000][0.004s][11677] Memory: 15989M
[2026-10-02T08:17:19.738+0000][0.005s][11677] Large Page Support: Disabled
[2026-10-02T08:17:19.738+0000][0.005s][11677] NUMA Support: Disabled
[2026-10-02T08:17:19.738+0000][0.005s][11677] Compressed Oops: Enabled (32-bit)
[2026-10-02T08:17:19.738+0000][0.005s][11677] Alignments: Space 512K, Generation 512K, Heap 2M
[2026-10-02T08:17:19.738+0000][0.005s][11677] Heap Min Capacity: 8M
[2026-10-02T08:17:19.738+0000][0.005s][11677] Heap Initial Capacity: 250M
[2026-10-02T08:17:19.738+0000][0.005s][11677] Heap Max Capacity: 572M
[2026-10-02T08:17:19.738+0000][0.005s][11677] Pre-touch: Disabled
[2026-10-02T08:17:19.738+0000][0.005s][11677] Parallel Workers: 4
[2026-10-02T08:17:20.622+0000][0.888s][11677] GC(0) Pause Young (Allocation Failure) 64M->10M(240M) 4.846ms
[2026-10-02T08:17:21.027+0000][1.293s][11677] GC(1) Pause Full (Metadata GC Threshold) 62M->19M(240M) 19.929ms
[2026-10-02T08:17:21.377+0000][1.643s][11677] GC(2) Pause Young (Allocation Failure) 82M->31M(240M) 4.524ms
[2026-10-02T08:17:21.640+0000][1.907s][11677] GC(3) Pause Young (Allocation Failure) 94M->46M(240M) 8.710ms
[2026-10-02T08:17:21.748+0000][2.014s][11677] GC(4) Pause Young (Allocation Failure) 108M->63M(303M) 11.898ms
[2026-10-02T08:17:22.299+0000][2.565s][11677] GC(5) Pause Young (Allocation Failure) 188M->93M(303M) 14.502ms
[2026-10-02T08:17:22.917+0000][3.184s][11677] GC(6) Pause Young (Allocation Failure) 219M->113M(311M) 14.767ms
[2026-10-02T08:17:23.258+0000][3.524s][11677] GC(7) Pause Young (Allocation Failure) 206M->133M(309M) 30.947ms
[2026-10-02T08:17:23.470+0000][3.736s][11677] GC(8) Pause Full (Diagnostic Command) 183M->128M(309M) 87.315ms
[2026-10-02T08:17:23.702+0000][3.968s][11677] GC(9) Pause Young (Allocation Failure) 227M->138M(299M) 6.824ms
[2026-10-02T08:17:23.918+0000][4.184s][11677] GC(10) Pause Young (Allocation Failure) 223M->148M(304M) 18.585ms
[2026-10-02T08:17:24.031+0000][4.297s][11677] GC(11) Pause Young (Allocation Failure) 233M->159M(297M) 16.418ms
[2026-10-02T08:17:24.234+0000][4.501s][11677] GC(12) Pause Young (Allocation Failure) 245M->169M(302M) 20.867ms
[2026-10-02T08:17:24.406+0000][4.672s][11677] GC(13) Pause Young (Allocation Failure) 255M->184M(308M) 10.659ms
[2026-10-02T08:17:24.585+0000][4.851s][11677] GC(14) Pause Young (Allocation Failure) 278M->195M(325M) 13.379ms
[2026-10-02T08:17:24.734+0000][5.001s][11677] GC(15) Pause Young (Allocation Failure) 288M->205M(336M) 15.561ms
[2026-10-02T08:17:24.882+0000][5.148s][11677] GC(16) Pause Young (Allocation Failure) 302M->215M(348M) 18.608ms
[2026-10-02T08:17:25.017+0000][5.283s][11677] GC(17) Pause Young (Allocation Failure) 312M->225M(358M) 16.777ms
[2026-10-02T08:17:25.163+0000][5.429s][11677] GC(18) Pause Young (Allocation Failure) 325M->237M(369M) 25.728ms
[2026-10-02T08:17:25.306+0000][5.573s][11677] GC(19) Pause Young (Allocation Failure) 337M->248M(381M) 17.581ms
[2026-10-02T08:17:25.459+0000][5.726s][11677] GC(20) Pause Young (Allocation Failure) 353M->265M(394M) 21.897ms
[2026-10-02T08:17:25.604+0000][5.871s][11677] GC(21) Pause Young (Allocation Failure) 370M->277M(413M) 26.793ms
[2026-10-02T08:17:25.752+0000][6.018s][11677] GC(22) Pause Young (Allocation Failure) 389M->290M(426M) 25.334ms
[2026-10-02T08:17:25.866+0000][6.132s][11677] GC(23) Pause Young (Allocation Failure) 402M->305M(442M) 16.616ms
[2026-10-02T08:17:25.956+0000][6.222s][11677] GC(24) Pause Young (Allocation Failure) 424M->317M(458M) 17.862ms
[2026-10-02T08:17:26.065+0000][6.331s][11677] GC(25) Pause Young (Allocation Failure) 436M->332M(473M) 18.016ms
[2026-10-02T08:17:26.192+0000][6.459s][11677] GC(26) Pause Young (Allocation Failure) 457M->347M(488M) 25.010ms
[2026-10-02T08:17:26.314+0000][6.580s][11677] GC(27) Pause Young (Allocation Failure) 472M->363M(507M) 23.068ms
[2026-10-02T08:17:26.436+0000][6.703s][11677] GC(28) Pause Young (Allocation Failure) 494M->378M(523M) 20.371ms
[2026-10-02T08:17:26.829+0000][7.095s][11677] GC(29) Pause Full (Allocation Failure) 509M->392M(539M) 296.459ms
[2026-10-02T08:17:27.242+0000][7.508s][11677] GC(30) Pause Full (Allocation Failure) 495M->404M(540M) 315.343ms
[2026-10-02T08:17:27.646+0000][7.912s][11677] GC(31) Pause Full (Allocation Failure) 512M->417M(539M) 312.795ms
[2026-10-02T08:17:28.476+0000][8.742s][11677] GC(32) Pause Full (Allocation Failure) 512M->429M(540M) 331.518ms
[2026-10-02T08:17:29.195+0000][9.462s][11677] GC(33) Pause Full (Allocation Failure) 512M->446M(539M) 344.723ms
[2026-10-02T08:17:29.920+0000][10.187s][11677] GC(34) Pause Full (Allocation Failure) 512M->457M(540M) 421.686ms
[2026-10-02T08:17:30.267+0000][10.534s][11677] GC(35) Pause Full (Diagnostic Command) 460M->457M(540M) 332.714ms
[2026-10-02T08:17:30.833+0000][11.099s][11677] GC(36) Pause Full (Allocation Failure) 512M->466M(539M) 356.087ms
[2026-10-02T08:17:31.361+0000][11.627s][11677] GC(37) Pause Full (Allocation Failure) 512M->472M(540M) 373.245ms
[2026-10-02T08:17:32.105+0000][12.371s][11677] GC(38) Pause Full (Allocation Failure) 512M->475M(539M) 381.519ms
[2026-10-02T08:17:32.878+0000][13.144s][11677] GC(39) Pause Full (Allocation Failure) 512M->475M(540M) 374.607ms
[2026-10-02T08:17:33.525+0000][13.792s][11677] GC(40) Pause Full (Allocation Failure) 512M->475M(539M) 386.811ms
[2026-10-02T08:17:34.070+0000][14.336s][11677] GC(41) Pause Full (Allocation Failure) 512M->475M(540M) 364.953ms
[2026-10-02T08:17:34.608+0000][14.874s][11677] GC(42) Pause Full (Allocation Failure) 512M->475M(539M) 377.644ms
[2026-10-02T08:17:35.125+0000][15.391s][11677] GC(43) Pause Full (Allocation Failure) 512M->475M(540M) 368.810ms
[2026-10-02T08:17:35.750+0000][16.016s][11677] GC(44) Pause Full (Allocation Failure) 512M->476M(539M) 461.292ms
[2026-10-02T08:17:36.084+0000][16.350s][11677] GC(45) Pause Full (Diagnostic Command) 483M->477M(539M) 292.738ms
[2026-10-02T08:17:36.510+0000][16.776s][11677] GC(46) Pause Full (Allocation Failure) 512M->483M(540M) 326.693ms
[2026-10-02T08:17:36.931+0000][17.197s][11677] GC(47) Pause Full (Allocation Failure) 512M->488M(539M) 313.995ms
[2026-10-02T08:17:37.329+0000][17.596s][11677] GC(48) Pause Full (Allocation Failure) 512M->492M(540M) 310.798ms
[2026-10-02T08:17:37.769+0000][18.035s][11677] GC(49) Pause Full (Allocation Failure) 512M->495M(539M) 380.771ms
[2026-10-02T08:17:38.249+0000][18.516s][11677] GC(50) Pause Full (Allocation Failure) 512M->503M(540M) 409.130ms
[2026-10-02T08:17:38.727+0000][18.993s][11677] GC(51) Pause Full (Allocation Failure) 512M->503M(539M) 399.596ms
[2026-10-02T08:17:39.187+0000][19.453s][11677] GC(52) Pause Full (Allocation Failure) 512M->503M(540M) 415.477ms
[2026-10-02T08:17:39.681+0000][19.947s][11677] GC(53) Pause Full (Allocation Failure) 512M->503M(539M) 464.015ms
[2026-10-02T08:17:40.129+0000][20.395s][11677] GC(54) Pause Full (Allocation Failure) 512M->503M(540M) 400.104ms
[2026-10-02T08:17:40.568+0000][20.834s][11677] GC(55) Pause Full (Allocation Failure) 512M->503M(539M) 405.535ms
[2026-10-02T08:17:41.010+0000][21.276s][11677] GC(56) Pause Full (Allocation Failure) 512M->504M(540M) 410.926ms
[2026-10-02T08:17:41.428+0000][21.694s][11677] GC(57) Pause Full (Allocation Failure) 512M->504M(539M) 399.341ms
[2026-10-02T08:17:41.913+0000][22.179s][11677] GC(58) Pause Full (Allocation Failure) 512M->505M(540M) 457.864ms
[2026-10-02T08:17:42.368+0000][22.634s][11677] GC(59) Pause Full (Allocation Failure) 512M->505M(539M) 430.518ms
[2026-10-02T08:17:42.765+0000][23.032s][11677] GC(60) Pause Full (Diagnostic Command) 510M->505M(539M) 380.170ms
[2026-10-02T08:17:43.133+0000][23.399s][11677] GC(61) Pause Full (Allocation Failure) 512M->505M(540M) 349.704ms
[2026-10-02T08:17:43.497+0000][23.763s][11677] GC(62) Pause Full (Allocation Failure) 512M->505M(539M) 350.814ms
[2026-10-02T08:17:43.915+0000][24.182s][11677] GC(63) Pause Full (Allocation Failure) 512M->505M(540M) 406.123ms
[2026-10-02T08:17:44.242+0000][24.509s][11677] GC(64) Pause Full (Allocation Failure) 512M->505M(539M) 316.424ms
[2026-10-02T08:17:44.620+0000][24.886s][11677] GC(65) Pause Full (Allocation Failure) 512M->505M(540M) 368.441ms
[2026-10-02T08:17:44.970+0000][25.237s][11677] GC(66) Pause Full (Allocation Failure) 512M->506M(539M) 337.690ms
[2026-10-02T08:17:45.300+0000][25.566s][11677] GC(67) Pause Full (Allocation Failure) 512M->506M(540M) 318.212ms
[2026-10-02T08:17:45.708+0000][25.974s][11677] GC(68) Pause Full (Allocation Failure) 512M->506M(539M) 396.575ms
[2026-10-02T08:17:46.138+0000][26.404s][11677] GC(69) Pause Full (Allocation Failure) 512M->506M(540M) 415.851ms
[2026-10-02T08:17:46.497+0000][26.763s][11677] GC(70) Pause Full (Allocation Failure) 512M->506M(539M) 344.756ms
[2026-10-02T08:17:46.933+0000][27.200s][11677] GC(71) Pause Full (Allocation Failure) 512M->506M(540M) 421.158ms
[2026-10-02T08:17:47.323+0000][27.590s][11677] GC(72) Pause Full (Allocation Failure) 512M->506M(539M) 372.994ms
[2026-10-02T08:17:47.740+0000][28.007s][11677] GC(73) Pause Full (Allocation Failure) 512M->506M(540M) 400.917ms
[2026-10-02T08:17:48.151+0000][28.417s][11677] GC(74) Pause Full (Allocation Failure) 512M->507M(539M) 397.429ms
[2026-10-02T08:17:48.523+0000][28.789s][11677] GC(75) Pause Full (Allocation Failure) 512M->507M(540M) 347.115ms
[2026-10-02T08:17:48.877+0000][29.144s][11677] GC(76) Pause Full (Diagnostic Command) 507M->507M(540M) 347.783ms
[2026-10-02T08:17:49.292+0000][29.558s][11677] GC(77) Pause Full (Allocation Failure) 512M->507M(539M) 398.395ms
[2026-10-02T08:17:49.622+0000][29.889s][11677] GC(78) Pause Full (Allocation Failure) 512M->507M(540M) 318.614ms
[2026-10-02T08:17:50.034+0000][30.300s][11677] GC(79) Pause Full (Allocation Failure) 512M->507M(539M) 398.331ms
[2026-10-02T08:17:50.402+0000][30.668s][11677] GC(80) Pause Full (Allocation Failure) 512M->508M(540M) 356.775ms
[2026-10-02T08:17:50.822+0000][31.088s][11677] GC(81) Pause Full (Allocation Failure) 512M->508M(539M) 413.246ms
[2026-10-02T08:17:51.210+0000][31.476s][11677] GC(82) Pause Full (Allocation Failure) 512M->508M(540M) 375.099ms
[2026-10-02T08:17:51.547+0000][31.813s][11677] GC(83) Pause Full (Allocation Failure) 512M->508M(539M) 325.307ms
[2026-10-02T08:17:51.905+0000][32.171s][11677] GC(84) Pause Full (Allocation Failure) 512M->508M(540M) 344.445ms
[2026-10-02T08:17:52.298+0000][32.565s][11677] GC(85) Pause Full (Allocation Failure) 512M->509M(539M) 382.990ms
[2026-10-02T08:17:52.659+0000][32.926s][11677] GC(86) Pause Full (Allocation Failure) 512M->509M(540M) 348.774ms
[2026-10-02T08:17:52.989+0000][33.255s][11677] GC(87) Pause Full (Allocation Failure) 512M->509M(539M) 321.113ms
[2026-10-02T08:17:53.351+0000][33.617s][11677] GC(88) Pause Full (Allocation Failure) 512M->509M(540M) 355.951ms
[2026-10-02T08:17:53.679+0000][33.945s][11677] GC(89) Pause Full (Allocation Failure) 512M->509M(539M) 321.923ms
[2026-10-02T08:17:54.089+0000][34.355s][11677] GC(90) Pause Full (Allocation Failure) 512M->509M(540M) 404.719ms
[2026-10-02T08:17:54.611+0000][34.878s][11677] GC(91) Pause Full (Allocation Failure) 512M->509M(539M) 513.030ms
[2026-10-02T08:17:54.972+0000][35.238s][11677] GC(92) Pause Full (Allocation Failure) 512M->510M(540M) 351.274ms
[2026-10-02T08:17:55.296+0000][35.562s][11677] GC(93) Pause Full (Diagnostic Command) 510M->510M(540M) 322.725ms
[2026-10-02T08:17:55.692+0000][35.958s][11677] GC(94) Pause Full (Allocation Failure) 512M->510M(539M) 387.724ms
[2026-10-02T08:17:56.108+0000][36.374s][11677] GC(95) Pause Full (Allocation Failure) 512M->510M(540M) 411.941ms
[2026-10-02T08:17:56.539+0000][36.805s][11677] GC(96) Pause Full (Allocation Failure) 512M->510M(539M) 426.418ms
[2026-10-02T08:17:56.949+0000][37.215s][11677] GC(97) Pause Full (Allocation Failure) 512M->510M(540M) 405.169ms
[2026-10-02T08:17:57.361+0000][37.627s][11677] GC(98) Pause Full (Allocation Failure) 512M->510M(539M) 408.777ms
[2026-10-02T08:17:57.768+0000][38.034s][11677] GC(99) Pause Full (Allocation Failure) 512M->510M(540M) 403.581ms
[2026-10-02T08:17:58.174+0000][38.440s][11677] GC(100) Pause Full (Allocation Failure) 512M->510M(539M) 402.660ms
[2026-10-02T08:17:58.536+0000][38.803s][11677] GC(101) Pause Full (Allocation Failure) 512M->511M(540M) 356.495ms
[2026-10-02T08:17:58.901+0000][39.168s][11677] GC(102) Pause Full (Allocation Failure) 512M->511M(539M) 360.988ms
[2026-10-02T08:17:59.260+0000][39.527s][11677] GC(103) Pause Full (Allocation Failure) 512M->511M(540M) 353.625ms
[2026-10-02T08:17:59.610+0000][39.877s][11677] GC(104) Pause Full (Allocation Failure) 512M->511M(539M) 345.530ms
[2026-10-02T08:17:59.934+0000][40.201s][11677] GC(105) Pause Full (Allocation Failure) 512M->511M(540M) 321.001ms
[2026-10-02T08:18:00.287+0000][40.554s][11677] GC(106) Pause Full (Allocation Failure) 512M->511M(539M) 351.147ms
[2026-10-02T08:18:00.648+0000][40.914s][11677] GC(107) Pause Full (Allocation Failure) 512M->511M(540M) 358.827ms
[2026-10-02T08:18:01.033+0000][41.300s][11677] GC(108) Pause Full (Allocation Failure) 512M->511M(539M) 382.464ms
[2026-10-02T08:18:01.387+0000][41.653s][11677] GC(109) Pause Full (Allocation Failure) 512M->511M(540M) 347.802ms
[2026-10-02T08:18:01.711+0000][41.978s][11677] GC(110) Pause Full (Diagnostic Command) 511M->511M(540M) 321.654ms
[2026-10-02T08:18:02.070+0000][42.336s][11677] GC(111) Pause Full (Allocation Failure) 512M->511M(539M) 353.523ms
[2026-10-02T08:18:02.481+0000][42.747s][11677] GC(112) Pause Full (Allocation Failure) 512M->511M(540M) 407.635ms
[2026-10-02T08:18:02.850+0000][43.117s][11677] GC(113) Pause Full (Allocation Failure) 512M->511M(539M) 365.234ms
[2026-10-02T08:18:03.176+0000][43.443s][11677] GC(114) Pause Full (Allocation Failure) 512M->511M(540M) 322.188ms
[2026-10-02T08:18:03.505+0000][43.771s][11677] GC(115) Pause Full (Allocation Failure) 512M->511M(539M) 324.532ms
[2026-10-02T08:18:03.832+0000][44.098s][11677] GC(116) Pause Full (Allocation Failure) 512M->511M(540M) 322.492ms
[2026-10-02T08:18:04.242+0000][44.508s][11677] GC(117) Pause Full (Allocation Failure) 512M->511M(539M) 406.273ms
[2026-10-02T08:18:04.572+0000][44.839s][11677] GC(118) Pause Full (Allocation Failure) 512M->511M(540M) 327.278ms
[2026-10-02T08:18:04.916+0000][45.182s][11677] GC(119) Pause Full (Allocation Failure) 512M->511M(539M) 339.785ms
[2026-10-02T08:18:05.245+0000][45.511s][11677] GC(120) Pause Full (Allocation Failure) 512M->511M(540M) 327.206ms
[2026-10-02T08:18:05.587+0000][45.853s][11677] GC(121) Pause Full (Allocation Failure) 512M->511M(539M) 337.644ms
[2026-10-02T08:18:05.919+0000][46.186s][11677] GC(122) Pause Full (Allocation Failure) 512M->511M(540M) 328.770ms
[2026-10-02T08:18:06.299+0000][46.565s][11677] GC(123) Pause Full (Allocation Failure) 512M->511M(539M) 376.349ms
[2026-10-02T08:18:06.632+0000][46.899s][11677] GC(124) Pause Full (Allocation Failure) 512M->511M(540M) 331.640ms
[2026-10-02T08:18:07.064+0000][47.330s][11677] GC(125) Pause Full (Allocation Failure) 512M->511M(539M) 428.101ms
[2026-10-02T08:18:07.396+0000][47.662s][11677] GC(126) Pause Full (Allocation Failure) 512M->511M(540M) 327.456ms
[2026-10-02T08:18:07.723+0000][47.990s][11677] GC(127) Pause Full (Diagnostic Command) 511M->511M(540M) 326.757ms
[2026-10-02T08:18:08.056+0000][48.323s][11677] GC(128) Pause Full (Allocation Failure) 512M->511M(539M) 329.138ms
[2026-10-02T08:18:08.385+0000][48.651s][11677] GC(129) Pause Full (Allocation Failure) 512M->512M(540M) 325.871ms
[2026-10-02T08:18:08.743+0000][49.009s][11677] GC(130) Pause Full (Allocation Failure) 512M->512M(539M) 356.173ms
[2026-10-02T08:18:09.087+0000][49.354s][11677] GC(131) Pause Full (Allocation Failure) 512M->512M(540M) 342.226ms
[2026-10-02T08:18:09.417+0000][49.683s][11677] GC(132) Pause Full (Allocation Failure) 512M->512M(539M) 327.820ms
[2026-10-02T08:18:09.745+0000][50.012s][11677] GC(133) Pause Full (Allocation Failure) 512M->512M(540M) 326.654ms
[2026-10-02T08:18:10.071+0000][50.337s][11677] GC(134) Pause Full (Allocation Failure) 512M->512M(539M) 323.679ms
[2026-10-02T08:18:10.397+0000][50.663s][11677] GC(135) Pause Full (Allocation Failure) 512M->512M(540M) 324.249ms
[2026-10-02T08:18:10.749+0000][51.015s][11677] GC(136) Pause Full (Allocation Failure) 512M->512M(539M) 350.669ms
[2026-10-02T08:18:11.095+0000][51.361s][11677] GC(137) Pause Full (Allocation Failure) 512M->512M(540M) 344.436ms
[2026-10-02T08:18:11.420+0000][51.687s][11677] GC(138) Pause Full (Allocation Failure) 512M->512M(539M) 323.813ms
[2026-10-02T08:18:11.747+0000][52.013s][11677] GC(139) Pause Full (Allocation Failure) 512M->512M(540M) 324.883ms
[2026-10-02T08:18:12.071+0000][52.337s][11677] GC(140) Pause Full (Allocation Failure) 512M->512M(539M) 323.380ms
[2026-10-02T08:18:12.398+0000][52.664s][11677] GC(141) Pause Full (Allocation Failure) 512M->512M(540M) 325.590ms
[2026-10-02T08:18:12.722+0000][52.989s][11677] GC(142) Pause Full (Allocation Failure) 512M->512M(539M) 323.435ms
[2026-10-02T08:18:13.050+0000][53.317s][11677] GC(143) Pause Full (Allocation Failure) 512M->512M(540M) 326.662ms
[2026-10-02T08:18:13.482+0000][53.748s][11677] GC(144) Pause Full (Allocation Failure) 512M->512M(539M) 430.747ms
[2026-10-02T08:18:13.813+0000][54.079s][11677] GC(145) Pause Full (Allocation Failure) 512M->512M(540M) 328.475ms
[2026-10-02T08:18:14.143+0000][54.410s][11677] GC(146) Pause Full (Allocation Failure) 512M->512M(539M) 328.687ms
[2026-10-02T08:18:14.472+0000][54.738s][11677] GC(147) Pause Full (Diagnostic Command) 512M->512M(539M) 328.145ms
[2026-10-02T08:18:14.804+0000][55.070s][11677] GC(148) Pause Full (Allocation Failure) 512M->512M(540M) 330.943ms
[2026-10-02T08:18:15.132+0000][55.398s][11677] GC(149) Pause Full (Allocation Failure) 512M->512M(539M) 327.220ms
[2026-10-02T08:18:15.476+0000][55.743s][11677] GC(150) Pause Full (Allocation Failure) 512M->512M(540M) 343.273ms
[2026-10-02T08:18:15.829+0000][56.095s][11677] GC(151) Pause Full (Allocation Failure) 512M->512M(539M) 351.576ms
[2026-10-02T08:18:16.159+0000][56.425s][11677] GC(152) Pause Full (Allocation Failure) 512M->512M(540M) 328.435ms
[2026-10-02T08:18:16.489+0000][56.755s][11677] GC(153) Pause Full (Allocation Failure) 512M->512M(539M) 328.573ms
[2026-10-02T08:18:16.820+0000][57.086s][11677] GC(154) Pause Full (Allocation Failure) 512M->512M(540M) 329.425ms
[2026-10-02T08:18:17.147+0000][57.413s][11677] GC(155) Pause Full (Allocation Failure) 512M->512M(539M) 325.770ms
[2026-10-02T08:18:17.488+0000][57.754s][11677] GC(156) Pause Full (Allocation Failure) 512M->512M(540M) 339.743ms
[2026-10-02T08:18:17.819+0000][58.085s][11677] GC(157) Pause Full (Allocation Failure) 512M->512M(539M) 329.620ms
[2026-10-02T08:18:18.147+0000][58.414s][11677] GC(158) Pause Full (Allocation Failure) 512M->512M(540M) 327.248ms
[2026-10-02T08:18:18.477+0000][58.744s][11677] GC(159) Pause Full (Allocation Failure) 512M->512M(539M) 329.202ms
[2026-10-02T08:18:18.806+0000][59.072s][11677] GC(160) Pause Full (Allocation Failure) 512M->512M(540M) 327.417ms
[2026-10-02T08:18:19.135+0000][59.401s][11677] GC(161) Pause Full (Allocation Failure) 512M->512M(539M) 327.982ms
[2026-10-02T08:18:19.683+0000][59.949s][11677] GC(162) Pause Full (Allocation Failure) 512M->512M(540M) 546.553ms
[2026-10-02T08:18:20.071+0000][60.338s][11677] GC(163) Pause Full (Allocation Failure) 512M->512M(539M) 385.061ms
[2026-10-02T08:18:20.492+0000][60.759s][11677] GC(164) Pause Full (Diagnostic Command) 512M->510M(539M) 417.863ms
[2026-10-02T08:18:20.859+0000][61.125s][11677] GC(165) Pause Full (Allocation Failure) 512M->510M(540M) 355.807ms
[2026-10-02T08:18:21.274+0000][61.541s][11677] GC(166) Pause Full (Allocation Failure) 512M->510M(539M) 408.855ms
[2026-10-02T08:18:21.646+0000][61.913s][11677] GC(167) Pause Full (Allocation Failure) 512M->510M(540M) 367.235ms
[2026-10-02T08:18:22.060+0000][62.326s][11677] GC(168) Pause Full (Allocation Failure) 512M->510M(539M) 407.269ms
[2026-10-02T08:18:22.390+0000][62.656s][11677] GC(169) Pause Full (Allocation Failure) 512M->510M(540M) 325.924ms
[2026-10-02T08:18:22.818+0000][63.084s][11677] GC(170) Pause Full (Allocation Failure) 512M->510M(539M) 423.554ms
[2026-10-02T08:18:23.250+0000][63.516s][11677] GC(171) Pause Full (Allocation Failure) 512M->510M(540M) 426.405ms
[2026-10-02T08:18:23.687+0000][63.953s][11677] GC(172) Pause Full (Allocation Failure) 512M->510M(539M) 430.723ms
[2026-10-02T08:18:24.067+0000][64.333s][11677] GC(173) Pause Full (Allocation Failure) 512M->510M(540M) 374.993ms
[2026-10-02T08:18:24.420+0000][64.686s][11677] GC(174) Pause Full (Allocation Failure) 512M->510M(539M) 347.650ms
[2026-10-02T08:18:24.840+0000][65.106s][11677] GC(175) Pause Full (Allocation Failure) 512M->508M(540M) 413.001ms
[2026-10-02T08:18:25.256+0000][65.522s][11677] GC(176) Pause Full (Allocation Failure) 512M->508M(539M) 405.483ms
[2026-10-02T08:18:25.693+0000][65.960s][11677] GC(177) Pause Full (Allocation Failure) 512M->508M(540M) 432.208ms
[2026-10-02T08:18:26.194+0000][66.461s][11677] GC(178) Pause Full (Allocation Failure) 512M->508M(539M) 480.637ms
[2026-10-02T08:18:26.555+0000][66.821s][11677] GC(179) Pause Full (Allocation Failure) 512M->508M(540M) 355.119ms
[2026-10-02T08:18:26.885+0000][67.151s][11677] GC(180) Pause Full (Diagnostic Command) 509M->508M(540M) 323.576ms
[2026-10-02T08:18:27.256+0000][67.522s][11677] GC(181) Pause Full (Allocation Failure) 512M->509M(539M) 364.885ms
[2026-10-02T08:18:27.663+0000][67.930s][11677] GC(182) Pause Full (Allocation Failure) 512M->481M(540M) 398.217ms
[2026-10-02T08:18:28.149+0000][68.415s][11677] GC(183) Pause Full (Allocation Failure) 512M->482M(539M) 424.195ms
[2026-10-02T08:18:28.584+0000][68.851s][11677] GC(184) Pause Full (Allocation Failure) 512M->482M(540M) 407.729ms
[2026-10-02T08:18:29.037+0000][69.303s][11677] GC(185) Pause Full (Allocation Failure) 512M->483M(539M) 418.825ms
[2026-10-02T08:18:29.433+0000][69.699s][11677] GC(186) Pause Full (Allocation Failure) 512M->485M(540M) 359.146ms
[2026-10-02T08:18:29.819+0000][70.085s][11677] GC(187) Pause Full (Allocation Failure) 512M->487M(539M) 348.960ms
[2026-10-02T08:18:30.284+0000][70.551s][11677] GC(188) Pause Full (Allocation Failure) 512M->489M(540M) 440.364ms
[2026-10-02T08:18:30.757+0000][71.023s][11677] GC(189) Pause Full (Allocation Failure) 512M->490M(539M) 433.616ms
[2026-10-02T08:18:31.170+0000][71.436s][11677] GC(190) Pause Full (Allocation Failure) 512M->491M(540M) 372.459ms
[2026-10-02T08:18:31.585+0000][71.851s][11677] GC(191) Pause Full (Allocation Failure) 512M->493M(539M) 374.991ms
[2026-10-02T08:18:32.004+0000][72.270s][11677] GC(192) Pause Full (Allocation Failure) 512M->494M(540M) 387.435ms
[2026-10-02T08:18:32.561+0000][72.827s][11677] GC(193) Pause Full (Allocation Failure) 512M->496M(539M) 490.695ms
[2026-10-02T08:18:32.925+0000][73.191s][11677] GC(194) Pause Full (Diagnostic Command) 502M->496M(539M) 350.799ms
[2026-10-02T08:18:33.371+0000][73.637s][11677] GC(195) Pause Full (Allocation Failure) 512M->498M(540M) 412.970ms
[2026-10-02T08:18:33.855+0000][74.121s][11677] GC(196) Pause Full (Allocation Failure) 512M->498M(539M) 455.089ms
[2026-10-02T08:18:34.323+0000][74.589s][11677] GC(197) Pause Full (Allocation Failure) 512M->499M(540M) 451.334ms
[2026-10-02T08:18:34.802+0000][75.068s][11677] GC(198) Pause Full (Allocation Failure) 512M->501M(539M) 454.117ms
[2026-10-02T08:18:35.250+0000][75.516s][11677] GC(199) Pause Full (Allocation Failure) 512M->502M(540M) 428.756ms
[2026-10-02T08:18:35.769+0000][76.036s][11677] GC(200) Pause Full (Allocation Failure) 512M->483M(539M) 418.703ms
[2026-10-02T08:18:36.279+0000][76.545s][11677] GC(201) Pause Full (Allocation Failure) 512M->488M(540M) 388.648ms
[2026-10-02T08:18:36.826+0000][77.093s][11677] GC(202) Pause Full (Allocation Failure) 512M->491M(539M) 479.921ms
[2026-10-02T08:18:37.229+0000][77.495s][11677] GC(203) Pause Full (Allocation Failure) 512M->496M(540M) 347.213ms
[2026-10-02T08:18:37.602+0000][77.869s][11677] GC(204) Pause Full (Allocation Failure) 512M->501M(539M) 350.401ms
[2026-10-02T08:18:38.063+0000][78.329s][11677] GC(205) Pause Full (Allocation Failure) 512M->490M(540M) 446.272ms
[2026-10-02T08:18:38.576+0000][78.842s][11677] GC(206) Pause Full (Allocation Failure) 512M->498M(539M) 480.650ms
[2026-10-02T08:18:38.952+0000][79.218s][11677] GC(207) Pause Full (Diagnostic Command) 504M->497M(539M) 362.562ms
[2026-10-02T08:18:39.333+0000][79.600s][11677] GC(208) Pause Full (Allocation Failure) 512M->501M(540M) 354.716ms
[2026-10-02T08:18:39.804+0000][80.070s][11677] GC(209) Pause Full (Allocation Failure) 512M->485M(539M) 447.843ms
[2026-10-02T08:18:40.361+0000][80.627s][11677] GC(210) Pause Full (Allocation Failure) 512M->415M(540M) 359.843ms
[2026-10-02T08:18:42.254+0000][82.520s][11677] GC(211) Pause Full (Allocation Failure) 512M->422M(539M) 380.419ms
[2026-10-02T08:18:43.369+0000][83.635s][11677] GC(212) Pause Full (Allocation Failure) 512M->440M(540M) 407.707ms
[2026-10-02T08:18:44.038+0000][84.304s][11677] GC(213) Pause Full (Allocation Failure) 512M->457M(539M) 395.728ms
[2026-10-02T08:18:44.727+0000][84.993s][11677] GC(214) Pause Full (Allocation Failure) 512M->471M(540M) 496.305ms
[2026-10-02T08:18:45.154+0000][85.420s][11677] GC(215) Pause Full (Diagnostic Command) 477M->472M(540M) 395.090ms
[2026-10-02T08:18:45.700+0000][85.966s][11677] GC(216) Pause Full (Allocation Failure) 512M->482M(539M) 412.092ms
[2026-10-02T08:18:46.217+0000][86.483s][11677] GC(217) Pause Full (Allocation Failure) 512M->488M(540M) 429.107ms
[2026-10-02T08:18:46.739+0000][87.005s][11677] GC(218) Pause Full (Allocation Failure) 512M->493M(539M) 426.194ms
[2026-10-02T08:18:47.227+0000][87.494s][11677] GC(219) Pause Full (Allocation Failure) 512M->498M(540M) 425.012ms
[2026-10-02T08:18:47.693+0000][87.959s][11677] GC(220) Pause Full (Allocation Failure) 512M->502M(539M) 409.060ms
[2026-10-02T08:18:48.137+0000][88.404s][11677] GC(221) Pause Full (Allocation Failure) 512M->505M(540M) 402.296ms
[2026-10-02T08:18:48.563+0000][88.829s][11677] GC(222) Pause Full (Allocation Failure) 512M->507M(539M) 406.978ms
[2026-10-02T08:18:49.050+0000][89.316s][11677] GC(223) Pause Full (Allocation Failure) 512M->508M(540M) 465.371ms
[2026-10-02T08:18:49.477+0000][89.743s][11677] GC(224) Pause Full (Allocation Failure) 512M->509M(539M) 410.278ms
[2026-10-02T08:18:49.904+0000][90.170s][11677] GC(225) Pause Full (Allocation Failure) 512M->509M(540M) 411.971ms
[2026-10-02T08:18:50.322+0000][90.589s][11677] GC(226) Pause Full (Allocation Failure) 512M->510M(539M) 405.215ms
[2026-10-02T08:18:50.806+0000][91.072s][11677] GC(227) Pause Full (Allocation Failure) 512M->510M(540M) 471.654ms
[2026-10-02T08:18:51.356+0000][91.622s][11677] GC(228) Pause Full (Allocation Failure) 512M->511M(539M) 542.490ms
[2026-10-02T08:18:51.765+0000][92.031s][11677] GC(229) Pause Full (Diagnostic Command) 511M->511M(539M) 400.169ms
[2026-10-02T08:18:52.177+0000][92.443s][11677] GC(230) Pause Full (Allocation Failure) 512M->511M(540M) 405.975ms
[2026-10-02T08:18:52.593+0000][92.859s][11677] GC(231) Pause Full (Allocation Failure) 512M->511M(539M) 407.146ms
[2026-10-02T08:18:53.015+0000][93.282s][11677] GC(232) Pause Full (Allocation Failure) 512M->511M(540M) 418.199ms
[2026-10-02T08:18:53.463+0000][93.729s][11677] GC(233) Pause Full (Allocation Failure) 512M->511M(539M) 442.602ms
[2026-10-02T08:18:53.869+0000][94.135s][11677] GC(234) Pause Full (Allocation Failure) 512M->512M(540M) 401.390ms
[2026-10-02T08:18:54.273+0000][94.539s][11677] GC(235) Pause Full (Allocation Failure) 512M->512M(539M) 401.577ms
[2026-10-02T08:18:54.685+0000][94.951s][11677] GC(236) Pause Full (Allocation Failure) 512M->512M(540M) 410.427ms
[2026-10-02T08:18:55.102+0000][95.368s][11677] GC(237) Pause Full (Allocation Failure) 512M->512M(539M) 413.995ms
[2026-10-02T08:18:55.511+0000][95.778s][11677] GC(238) Pause Full (Allocation Failure) 512M->512M(540M) 407.990ms
[2026-10-02T08:18:55.904+0000][96.170s][11677] GC(239) Pause Full (Allocation Failure) 512M->512M(539M) 390.237ms
[2026-10-02T08:18:56.307+0000][96.574s][11677] GC(240) Pause Full (Allocation Failure) 512M->512M(540M) 401.859ms
[2026-10-02T08:18:56.709+0000][96.975s][11677] GC(241) Pause Full (Allocation Failure) 512M->512M(539M) 400.709ms
[2026-10-02T08:18:57.180+0000][97.446s][11677] GC(242) Pause Full (Allocation Failure) 512M->512M(540M) 469.309ms
[2026-10-02T08:18:57.605+0000][97.872s][11677] GC(243) Pause Full (Allocation Failure) 512M->512M(539M) 423.949ms
[2026-10-02T08:18:58.022+0000][98.288s][11677] GC(244) Pause Full (Allocation Failure) 512M->512M(540M) 412.487ms
[2026-10-02T08:18:58.422+0000][98.689s][11677] GC(245) Pause Full (Allocation Failure) 512M->512M(539M) 399.261ms
[2026-10-02T08:18:58.779+0000][99.046s][11677] GC(246) Pause Full (Diagnostic Command) 512M->512M(539M) 356.631ms
[2026-10-02T08:18:59.158+0000][99.424s][11677] GC(247) Pause Full (Allocation Failure) 512M->512M(540M) 377.432ms
[2026-10-02T08:18:59.514+0000][99.780s][11677] GC(248) Pause Full (Allocation Failure) 512M->512M(539M) 355.633ms
[2026-10-02T08:18:59.873+0000][100.139s][11677] GC(249) Pause Full (Allocation Failure) 512M->512M(540M) 358.816ms
[2026-10-02T08:19:00.229+0000][100.495s][11677] GC(250) Pause Full (Allocation Failure) 512M->512M(539M) 355.160ms
[2026-10-02T08:19:00.633+0000][100.900s][11677] GC(251) Pause Full (Allocation Failure) 512M->512M(540M) 403.759ms
[2026-10-02T08:19:01.036+0000][101.302s][11677] GC(252) Pause Full (Allocation Failure) 512M->512M(539M) 401.681ms
[2026-10-02T08:19:01.410+0000][101.676s][11677] GC(253) Pause Full (Allocation Failure) 512M->512M(540M) 373.887ms
[2026-10-02T08:19:01.771+0000][102.037s][11677] GC(254) Pause Full (Allocation Failure) 512M->512M(539M) 360.367ms
[2026-10-02T08:19:02.130+0000][102.396s][11677] GC(255) Pause Full (Allocation Failure) 512M->512M(540M) 358.350ms
[2026-10-02T08:19:02.491+0000][102.757s][11677] GC(256) Pause Full (Allocation Failure) 512M->512M(539M) 360.824ms
[2026-10-02T08:19:02.847+0000][103.113s][11677] GC(257) Pause Full (Allocation Failure) 512M->512M(540M) 355.512ms
[2026-10-02T08:19:03.205+0000][103.471s][11677] GC(258) Pause Full (Allocation Failure) 512M->512M(539M) 357.425ms
[2026-10-02T08:19:03.652+0000][103.919s][11677] GC(259) Pause Full (Allocation Failure) 512M->512M(540M) 447.515ms
[2026-10-02T08:19:04.130+0000][104.397s][11677] GC(260) Pause Full (Allocation Failure) 512M->511M(539M) 477.836ms
[2026-10-02T08:19:04.546+0000][104.813s][11677] GC(261) Pause Full (Allocation Failure) 512M->511M(540M) 411.156ms
[2026-10-02T08:19:04.904+0000][105.170s][11677] GC(262) Pause Full (Diagnostic Command) 511M->511M(540M) 356.626ms
[2026-10-02T08:19:05.313+0000][105.580s][11677] GC(263) Pause Full (Allocation Failure) 512M->511M(539M) 403.922ms
[2026-10-02T08:19:05.799+0000][106.065s][11677] GC(264) Pause Full (Allocation Failure) 512M->511M(540M) 468.713ms
[2026-10-02T08:19:06.206+0000][106.472s][11677] GC(265) Pause Full (Allocation Failure) 512M->511M(539M) 380.611ms
[2026-10-02T08:19:06.668+0000][106.934s][11677] GC(266) Pause Full (Allocation Failure) 512M->511M(540M) 429.555ms
[2026-10-02T08:19:07.085+0000][107.351s][11677] GC(267) Pause Full (Allocation Failure) 512M->511M(539M) 384.817ms
[2026-10-02T08:19:07.573+0000][107.839s][11677] GC(268) Pause Full (Allocation Failure) 512M->511M(540M) 461.906ms
[2026-10-02T08:19:08.040+0000][108.307s][11677] GC(269) Pause Full (Allocation Failure) 512M->511M(539M) 455.953ms
[2026-10-02T08:19:08.430+0000][108.696s][11677] GC(270) Pause Full (Allocation Failure) 512M->511M(540M) 386.313ms
[2026-10-02T08:19:08.896+0000][109.162s][11677] GC(271) Pause Full (Allocation Failure) 512M->511M(539M) 457.457ms
[2026-10-02T08:19:09.260+0000][109.526s][11677] GC(272) Pause Full (Allocation Failure) 512M->511M(540M) 355.610ms
[2026-10-02T08:19:09.810+0000][110.076s][11677] GC(273) Pause Full (Allocation Failure) 512M->511M(539M) 540.058ms
[2026-10-02T08:19:10.269+0000][110.535s][11677] GC(274) Pause Full (Diagnostic Command) 512M->511M(539M) 452.342ms
[2026-10-02T08:19:10.754+0000][111.020s][11677] GC(275) Pause Full (Allocation Failure) 512M->511M(540M) 446.990ms
[2026-10-02T08:19:11.228+0000][111.495s][11677] GC(276) Pause Full (Allocation Failure) 512M->511M(539M) 454.800ms
[2026-10-02T08:19:11.661+0000][111.928s][11677] GC(277) Pause Full (Allocation Failure) 512M->511M(540M) 413.628ms
[2026-10-02T08:19:12.130+0000][112.396s][11677] GC(278) Pause Full (Allocation Failure) 512M->511M(539M) 448.970ms
[2026-10-02T08:19:12.601+0000][112.867s][11677] GC(279) Pause Full (Allocation Failure) 512M->511M(540M) 452.891ms
[2026-10-02T08:19:13.025+0000][113.291s][11677] GC(280) Pause Full (Allocation Failure) 512M->511M(539M) 406.639ms
[2026-10-02T08:19:13.494+0000][113.760s][11677] GC(281) Pause Full (Allocation Failure) 512M->511M(540M) 450.124ms
[2026-10-02T08:19:13.988+0000][114.254s][11677] GC(282) Pause Full (Allocation Failure) 512M->511M(539M) 473.328ms
[2026-10-02T08:19:14.472+0000][114.738s][11677] GC(283) Pause Full (Allocation Failure) 512M->511M(540M) 467.289ms
[2026-10-02T08:19:14.937+0000][115.203s][11677] GC(284) Pause Full (Allocation Failure) 512M->511M(539M) 445.514ms
[2026-10-02T08:19:15.396+0000][115.662s][11677] GC(285) Pause Full (Allocation Failure) 512M->511M(540M) 445.764ms
[2026-10-02T08:19:15.945+0000][116.211s][11677] GC(286) Pause Full (Allocation Failure) 512M->511M(539M) 534.335ms
[2026-10-02T08:19:16.404+0000][116.670s][11677] GC(287) Pause Full (Diagnostic Command) 512M->511M(539M) 449.467ms
[2026-10-02T08:19:16.868+0000][117.135s][11677] GC(288) Pause Full (Allocation Failure) 512M->511M(540M) 449.226ms
[2026-10-02T08:19:17.325+0000][117.591s][11677] GC(289) Pause Full (Allocation Failure) 512M->511M(539M) 447.501ms
[2026-10-02T08:19:17.800+0000][118.067s][11677] GC(290) Pause Full (Allocation Failure) 512M->511M(540M) 459.321ms
[2026-10-02T08:19:18.275+0000][118.542s][11677] GC(291) Pause Full (Allocation Failure) 512M->511M(539M) 461.828ms
[2026-10-02T08:19:18.732+0000][118.998s][11677] GC(292) Pause Full (Allocation Failure) 512M->511M(540M) 447.963ms
[2026-10-02T08:19:19.191+0000][119.457s][11677] GC(293) Pause Full (Allocation Failure) 512M->511M(539M) 450.723ms
[2026-10-02T08:19:19.689+0000][119.955s][11677] GC(294) Pause Full (Allocation Failure) 512M->511M(540M) 488.276ms
[2026-10-02T08:19:20.106+0000][120.372s][11677] GC(295) Pause Full (Allocation Failure) 512M->511M(539M) 406.049ms
[2026-10-02T08:19:20.504+0000][120.770s][11677] GC(296) Pause Full (Allocation Failure) 512M->511M(540M) 384.630ms
[2026-10-02T08:19:20.962+0000][121.229s][11677] GC(297) Pause Full (Allocation Failure) 512M->511M(539M) 442.648ms
[2026-10-02T08:19:21.415+0000][121.681s][11677] GC(298) Pause Full (Allocation Failure) 512M->511M(540M) 445.439ms
[2026-10-02T08:19:21.866+0000][122.132s][11677] GC(299) Pause Full (Allocation Failure) 512M->511M(539M) 444.015ms
[2026-10-02T08:19:22.424+0000][122.690s][11677] GC(300) Pause Full (Allocation Failure) 512M->511M(540M) 550.930ms
[2026-10-02T08:19:22.884+0000][123.150s][11677] GC(301) Pause Full (Allocation Failure) 512M->511M(539M) 452.123ms
[2026-10-02T08:19:23.248+0000][123.514s][11677] GC(302) Pause Full (Diagnostic Command) 511M->511M(539M) 361.418ms
[2026-10-02T08:19:23.719+0000][123.985s][11677] GC(303) Pause Full (Allocation Failure) 512M->511M(540M) 453.873ms
[2026-10-02T08:19:24.179+0000][124.445s][11677] GC(304) Pause Full (Allocation Failure) 512M->511M(539M) 451.784ms
[2026-10-02T08:19:24.643+0000][124.909s][11677] GC(305) Pause Full (Allocation Failure) 512M->511M(540M) 451.577ms
[2026-10-02T08:19:25.100+0000][125.366s][11677] GC(306) Pause Full (Allocation Failure) 512M->511M(539M) 451.480ms
[2026-10-02T08:19:25.550+0000][125.816s][11677] GC(307) Pause Full (Allocation Failure) 512M->511M(540M) 441.104ms
[2026-10-02T08:19:26.032+0000][126.298s][11677] GC(308) Pause Full (Allocation Failure) 512M->511M(539M) 470.332ms
[2026-10-02T08:19:26.499+0000][126.765s][11677] GC(309) Pause Full (Allocation Failure) 512M->511M(540M) 456.581ms
[2026-10-02T08:19:26.955+0000][127.222s][11677] GC(310) Pause Full (Allocation Failure) 512M->511M(539M) 441.823ms
[2026-10-02T08:19:27.403+0000][127.669s][11677] GC(311) Pause Full (Allocation Failure) 512M->511M(540M) 437.510ms
[2026-10-02T08:19:27.866+0000][128.133s][11677] GC(312) Pause Full (Allocation Failure) 512M->511M(539M) 450.671ms
[2026-10-02T08:19:28.407+0000][128.673s][11677] GC(313) Pause Full (Allocation Failure) 512M->511M(540M) 526.727ms
[2026-10-02T08:19:28.906+0000][129.172s][11677] GC(314) Pause Full (Allocation Failure) 512M->511M(539M) 471.140ms
[2026-10-02T08:19:29.358+0000][129.624s][11677] GC(315) Pause Full (Allocation Failure) 512M->511M(540M) 437.505ms
[2026-10-02T08:19:29.714+0000][129.981s][11677] GC(316) Pause Full (Diagnostic Command) 511M->511M(540M) 355.949ms
[2026-10-02T08:19:30.166+0000][130.432s][11677] GC(317) Pause Full (Allocation Failure) 512M->511M(539M) 434.655ms
[2026-10-02T08:19:30.631+0000][130.898s][11677] GC(318) Pause Full (Allocation Failure) 512M->511M(540M) 455.725ms
[2026-10-02T08:19:31.081+0000][131.348s][11677] GC(319) Pause Full (Allocation Failure) 512M->511M(539M) 438.783ms
[2026-10-02T08:19:31.526+0000][131.793s][11677] GC(320) Pause Full (Allocation Failure) 512M->511M(540M) 433.885ms
[2026-10-02T08:19:31.972+0000][132.238s][11677] GC(321) Pause Full (Allocation Failure) 512M->511M(539M) 436.791ms
[2026-10-02T08:19:32.421+0000][132.688s][11677] GC(322) Pause Full (Allocation Failure) 512M->511M(540M) 441.065ms
[2026-10-02T08:19:32.875+0000][133.141s][11677] GC(323) Pause Full (Allocation Failure) 512M->511M(539M) 435.416ms
[2026-10-02T08:19:33.325+0000][133.591s][11677] GC(324) Pause Full (Allocation Failure) 512M->511M(540M) 440.934ms
[2026-10-02T08:19:33.770+0000][134.036s][11677] GC(325) Pause Full (Allocation Failure) 512M->511M(539M) 433.526ms
[2026-10-02T08:19:34.216+0000][134.482s][11677] GC(326) Pause Full (Allocation Failure) 512M->511M(540M) 434.059ms
[2026-10-02T08:19:34.784+0000][135.050s][11677] GC(327) Pause Full (Allocation Failure) 512M->511M(539M) 554.003ms
[2026-10-02T08:19:35.223+0000][135.489s][11677] GC(328) Pause Full (Diagnostic Command) 512M->511M(539M) 430.823ms
[2026-10-02T08:19:35.666+0000][135.932s][11677] GC(329) Pause Full (Allocation Failure) 512M->511M(540M) 434.467ms
[2026-10-02T08:19:36.112+0000][136.378s][11677] GC(330) Pause Full (Allocation Failure) 512M->511M(539M) 435.300ms
[2026-10-02T08:19:36.561+0000][136.827s][11677] GC(331) Pause Full (Allocation Failure) 512M->511M(540M) 438.543ms
[2026-10-02T08:19:37.013+0000][137.279s][11677] GC(332) Pause Full (Allocation Failure) 512M->511M(539M) 444.055ms
[2026-10-02T08:19:37.452+0000][137.718s][11677] GC(333) Pause Full (Allocation Failure) 512M->511M(540M) 428.886ms
[2026-10-02T08:19:37.917+0000][138.184s][11677] GC(334) Pause Full (Allocation Failure) 512M->511M(539M) 457.321ms
[2026-10-02T08:19:38.360+0000][138.626s][11677] GC(335) Pause Full (Allocation Failure) 512M->511M(540M) 433.983ms
[2026-10-02T08:19:38.811+0000][139.078s][11677] GC(336) Pause Full (Allocation Failure) 512M->511M(539M) 444.233ms
[2026-10-02T08:19:39.257+0000][139.524s][11677] GC(337) Pause Full (Allocation Failure) 512M->511M(540M) 439.150ms
[2026-10-02T08:19:39.701+0000][139.967s][11677] GC(338) Pause Full (Allocation Failure) 512M->511M(539M) 434.903ms
[2026-10-02T08:19:40.143+0000][140.409s][11677] GC(339) Pause Full (Allocation Failure) 512M->511M(540M) 438.090ms
[2026-10-02T08:19:40.588+0000][140.854s][11677] GC(340) Pause Full (Allocation Failure) 512M->511M(539M) 440.401ms
[2026-10-02T08:19:41.131+0000][141.398s][11677] GC(341) Pause Full (Allocation Failure) 512M->511M(540M) 533.169ms
[2026-10-02T08:19:41.576+0000][141.842s][11677] GC(342) Pause Full (Allocation Failure) 512M->511M(539M) 431.282ms
[2026-10-02T08:19:41.935+0000][142.202s][11677] GC(343) Pause Full (Diagnostic Command) 511M->511M(539M) 359.403ms
[2026-10-02T08:19:42.373+0000][142.639s][11677] GC(344) Pause Full (Allocation Failure) 512M->511M(540M) 430.512ms
[2026-10-02T08:19:42.815+0000][143.081s][11677] GC(345) Pause Full (Allocation Failure) 512M->511M(539M) 435.683ms
[2026-10-02T08:19:43.268+0000][143.534s][11677] GC(346) Pause Full (Allocation Failure) 512M->511M(540M) 448.376ms
[2026-10-02T08:19:43.710+0000][143.976s][11677] GC(347) Pause Full (Allocation Failure) 512M->511M(539M) 433.595ms
[2026-10-02T08:19:44.146+0000][144.413s][11677] GC(348) Pause Full (Allocation Failure) 512M->511M(540M) 430.804ms
[2026-10-02T08:19:44.581+0000][144.847s][11677] GC(349) Pause Full (Allocation Failure) 512M->511M(539M) 428.702ms
[2026-10-02T08:19:45.027+0000][145.293s][11677] GC(350) Pause Full (Allocation Failure) 512M->511M(540M) 438.579ms
[2026-10-02T08:19:45.460+0000][145.726s][11677] GC(351) Pause Full (Allocation Failure) 512M->511M(539M) 424.513ms
[2026-10-02T08:19:45.891+0000][146.158s][11677] GC(352) Pause Full (Allocation Failure) 512M->511M(540M) 422.390ms
[2026-10-02T08:19:46.324+0000][146.590s][11677] GC(353) Pause Full (Allocation Failure) 512M->511M(539M) 422.396ms
[2026-10-02T08:19:46.766+0000][147.033s][11677] GC(354) Pause Full (Allocation Failure) 512M->511M(540M) 434.016ms
[2026-10-02T08:19:47.304+0000][147.571s][11677] GC(355) Pause Full (Allocation Failure) 512M->511M(539M) 526.542ms
[2026-10-02T08:19:47.746+0000][148.012s][11677] GC(356) Pause Full (Allocation Failure) 512M->511M(540M) 432.157ms
[2026-10-02T08:19:48.107+0000][148.373s][11677] GC(357) Pause Full (Diagnostic Command) 511M->511M(540M) 360.638ms
[2026-10-02T08:19:48.548+0000][148.814s][11677] GC(358) Pause Full (Allocation Failure) 512M->511M(539M) 437.122ms
[2026-10-02T08:19:48.978+0000][149.244s][11677] GC(359) Pause Full (Allocation Failure) 512M->511M(540M) 423.101ms
[2026-10-02T08:19:49.423+0000][149.689s][11677] GC(360) Pause Full (Allocation Failure) 512M->511M(539M) 436.998ms
[2026-10-02T08:19:49.857+0000][150.123s][11677] GC(361) Pause Full (Allocation Failure) 512M->511M(540M) 423.124ms
[2026-10-02T08:19:50.296+0000][150.563s][11677] GC(362) Pause Full (Allocation Failure) 512M->511M(539M) 432.048ms
[2026-10-02T08:19:50.723+0000][150.989s][11677] GC(363) Pause Full (Allocation Failure) 512M->511M(540M) 416.243ms
[2026-10-02T08:19:51.145+0000][151.412s][11677] GC(364) Pause Full (Allocation Failure) 512M->511M(539M) 416.359ms
[2026-10-02T08:19:51.593+0000][151.859s][11677] GC(365) Pause Full (Allocation Failure) 512M->511M(540M) 441.837ms
[2026-10-02T08:19:52.023+0000][152.289s][11677] GC(366) Pause Full (Allocation Failure) 512M->511M(539M) 420.263ms
[2026-10-02T08:19:52.452+0000][152.718s][11677] GC(367) Pause Full (Allocation Failure) 512M->511M(540M) 417.941ms
[2026-10-02T08:19:52.882+0000][153.149s][11677] GC(368) Pause Full (Allocation Failure) 512M->511M(539M) 424.448ms
[2026-10-02T08:19:53.332+0000][153.598s][11677] GC(369) Pause Full (Allocation Failure) 512M->511M(540M) 440.863ms
[2026-10-02T08:19:53.855+0000][154.121s][11677] GC(370) Pause Full (Allocation Failure) 512M->511M(539M) 509.256ms
[2026-10-02T08:19:54.288+0000][154.554s][11677] GC(371) Pause Full (Diagnostic Command) 512M->511M(539M) 425.399ms
[2026-10-02T08:19:54.719+0000][154.985s][11677] GC(372) Pause Full (Allocation Failure) 512M->511M(540M) 422.967ms
[2026-10-02T08:19:55.201+0000][155.467s][11677] GC(373) Pause Full (Allocation Failure) 512M->511M(539M) 470.602ms
[2026-10-02T08:19:55.639+0000][155.905s][11677] GC(374) Pause Full (Allocation Failure) 512M->511M(540M) 429.656ms
[2026-10-02T08:19:56.072+0000][156.339s][11677] GC(375) Pause Full (Allocation Failure) 512M->511M(539M) 422.806ms
[2026-10-02T08:19:56.501+0000][156.768s][11677] GC(376) Pause Full (Allocation Failure) 512M->511M(540M) 418.838ms
[2026-10-02T08:19:56.937+0000][157.204s][11677] GC(377) Pause Full (Allocation Failure) 512M->511M(539M) 426.956ms
[2026-10-02T08:19:57.368+0000][157.635s][11677] GC(378) Pause Full (Allocation Failure) 512M->511M(540M) 419.809ms
[2026-10-02T08:19:57.810+0000][158.077s][11677] GC(379) Pause Full (Allocation Failure) 512M->511M(539M) 429.760ms
[2026-10-02T08:19:58.240+0000][158.506s][11677] GC(380) Pause Full (Allocation Failure) 512M->511M(540M) 419.677ms
[2026-10-02T08:19:58.668+0000][158.935s][11677] GC(381) Pause Full (Allocation Failure) 512M->511M(539M) 418.220ms
[2026-10-02T08:19:59.103+0000][159.369s][11677] GC(382) Pause Full (Allocation Failure) 512M->511M(540M) 425.522ms
[2026-10-02T08:19:59.521+0000][159.788s][11677] GC(383) Pause Full (Allocation Failure) 512M->511M(539M) 410.999ms
[2026-10-02T08:20:00.048+0000][160.314s][11677] GC(384) Pause Full (Allocation Failure) 512M->511M(540M) 517.437ms
[2026-10-02T08:20:00.484+0000][160.751s][11677] GC(385) Pause Full (Allocation Failure) 512M->511M(539M) 422.930ms
[2026-10-02T08:20:00.902+0000][161.168s][11677] GC(386) Pause Full (Diagnostic Command) 511M->511M(539M) 413.264ms
[2026-10-02T08:20:01.327+0000][161.593s][11677] GC(387) Pause Full (Allocation Failure) 512M->511M(540M) 415.306ms
[2026-10-02T08:20:01.771+0000][162.037s][11677] GC(388) Pause Full (Allocation Failure) 512M->511M(539M) 435.595ms
[2026-10-02T08:20:02.193+0000][162.459s][11677] GC(389) Pause Full (Allocation Failure) 512M->511M(540M) 414.319ms
[2026-10-02T08:20:02.613+0000][162.880s][11677] GC(390) Pause Full (Allocation Failure) 512M->511M(539M) 414.438ms
[2026-10-02T08:20:03.023+0000][163.289s][11677] GC(391) Pause Full (Allocation Failure) 512M->511M(540M) 404.830ms
[2026-10-02T08:20:03.437+0000][163.704s][11677] GC(392) Pause Full (Allocation Failure) 512M->511M(539M) 408.833ms
[2026-10-02T08:20:03.861+0000][164.127s][11677] GC(393) Pause Full (Allocation Failure) 512M->511M(540M) 417.349ms
[2026-10-02T08:20:04.271+0000][164.538s][11677] GC(394) Pause Full (Allocation Failure) 512M->511M(539M) 406.010ms
[2026-10-02T08:20:04.692+0000][164.958s][11677] GC(395) Pause Full (Allocation Failure) 512M->511M(540M) 412.084ms
[2026-10-02T08:20:05.112+0000][165.378s][11677] GC(396) Pause Full (Allocation Failure) 512M->511M(539M) 412.375ms
[2026-10-02T08:20:05.527+0000][165.793s][11677] GC(397) Pause Full (Allocation Failure) 512M->511M(540M) 405.927ms
[2026-10-02T08:20:05.998+0000][166.264s][11677] GC(398) Pause Full (Allocation Failure) 512M->511M(539M) 463.649ms
[2026-10-02T08:20:06.455+0000][166.721s][11677] GC(399) Pause Full (Allocation Failure) 512M->511M(540M) 443.884ms
[2026-10-02T08:20:06.883+0000][167.149s][11677] GC(400) Pause Full (Diagnostic Command) 512M->511M(540M) 420.428ms
[2026-10-02T08:20:07.301+0000][167.567s][11677] GC(401) Pause Full (Allocation Failure) 512M->511M(539M) 408.988ms
[2026-10-02T08:20:07.715+0000][167.981s][11677] GC(402) Pause Full (Allocation Failure) 512M->511M(540M) 407.986ms
[2026-10-02T08:20:08.149+0000][168.416s][11677] GC(403) Pause Full (Allocation Failure) 512M->511M(539M) 427.720ms
[2026-10-02T08:20:08.573+0000][168.839s][11677] GC(404) Pause Full (Allocation Failure) 512M->511M(540M) 416.336ms
[2026-10-02T08:20:09.027+0000][169.293s][11677] GC(405) Pause Full (Allocation Failure) 512M->511M(539M) 444.644ms
[2026-10-02T08:20:09.439+0000][169.705s][11677] GC(406) Pause Full (Allocation Failure) 512M->511M(540M) 405.290ms
[2026-10-02T08:20:09.872+0000][170.139s][11677] GC(407) Pause Full (Allocation Failure) 512M->511M(539M) 407.935ms
[2026-10-02T08:20:10.435+0000][170.701s][11677] GC(408) Pause Full (Allocation Failure) 512M->511M(540M) 473.225ms
[2026-10-02T08:20:10.918+0000][171.185s][11677] GC(409) Pause Full (Allocation Failure) 512M->511M(539M) 394.830ms
[2026-10-02T08:20:11.379+0000][171.645s][11677] GC(410) Pause Full (Allocation Failure) 512M->511M(540M) 391.326ms
[2026-10-02T08:20:11.860+0000][172.126s][11677] GC(411) Pause Full (Allocation Failure) 512M->511M(539M) 420.898ms
[2026-10-02T08:20:12.379+0000][172.645s][11677] GC(412) Pause Full (Allocation Failure) 512M->511M(540M) 489.010ms
[2026-10-02T08:20:12.767+0000][173.033s][11677] GC(413) Pause Full (Diagnostic Command) 512M->511M(540M) 370.358ms
[2026-10-02T08:20:13.152+0000][173.418s][11677] GC(414) Pause Full (Allocation Failure) 512M->511M(539M) 366.041ms
[2026-10-02T08:20:13.546+0000][173.812s][11677] GC(415) Pause Full (Allocation Failure) 512M->511M(540M) 368.066ms
[2026-10-02T08:20:13.961+0000][174.228s][11677] GC(416) Pause Full (Allocation Failure) 512M->511M(539M) 371.531ms
[2026-10-02T08:20:14.385+0000][174.652s][11677] GC(417) Pause Full (Allocation Failure) 512M->511M(540M) 376.085ms
[2026-10-02T08:20:14.878+0000][175.145s][11677] GC(418) Pause Full (Allocation Failure) 512M->511M(539M) 465.271ms
[2026-10-02T08:20:15.359+0000][175.625s][11677] GC(419) Pause Full (Allocation Failure) 512M->511M(540M) 460.916ms
[2026-10-02T08:20:15.725+0000][175.991s][11677] GC(420) Pause Full (Allocation Failure) 512M->511M(539M) 362.547ms
[2026-10-02T08:20:16.092+0000][176.358s][11677] GC(421) Pause Full (Allocation Failure) 512M->511M(540M) 362.564ms
[2026-10-02T08:20:16.477+0000][176.744s][11677] GC(422) Pause Full (Allocation Failure) 512M->511M(539M) 381.468ms
[2026-10-02T08:20:16.849+0000][177.115s][11677] GC(423) Pause Full (Allocation Failure) 512M->511M(540M) 365.286ms
[2026-10-02T08:20:17.247+0000][177.513s][11677] GC(424) Pause Full (Allocation Failure) 512M->511M(539M) 390.730ms
[2026-10-02T08:20:17.724+0000][177.990s][11677] GC(425) Pause Full (Allocation Failure) 512M->511M(540M) 458.956ms
[2026-10-02T08:20:18.185+0000][178.451s][11677] GC(426) Pause Full (Allocation Failure) 512M->511M(539M) 452.647ms
[2026-10-02T08:20:18.655+0000][178.921s][11677] GC(427) Pause Full (Allocation Failure) 512M->511M(540M) 456.404ms
[2026-10-02T08:20:19.040+0000][179.307s][11677] GC(428) Pause Full (Diagnostic Command) 512M->511M(540M) 371.607ms
[2026-10-02T08:20:19.429+0000][179.696s][11677] GC(429) Pause Full (Allocation Failure) 512M->511M(539M) 362.295ms
[2026-10-02T08:20:19.842+0000][180.108s][11677] GC(430) Pause Full (Allocation Failure) 512M->511M(540M) 392.229ms
[2026-10-02T08:20:20.237+0000][180.503s][11677] GC(431) Pause Full (Allocation Failure) 512M->511M(539M) 364.912ms
[2026-10-02T08:20:20.639+0000][180.905s][11677] GC(432) Pause Full (Allocation Failure) 512M->511M(540M) 374.723ms
[2026-10-02T08:20:21.028+0000][181.294s][11677] GC(433) Pause Full (Allocation Failure) 512M->511M(539M) 362.361ms
[2026-10-02T08:20:21.399+0000][181.666s][11677] GC(434) Pause Full (Allocation Failure) 512M->512M(540M) 363.487ms
[2026-10-02T08:20:21.804+0000][182.070s][11677] GC(435) Pause Full (Allocation Failure) 512M->512M(539M) 391.952ms
[2026-10-02T08:20:22.168+0000][182.434s][11677] GC(436) Pause Full (Allocation Failure) 512M->512M(540M) 360.090ms
[2026-10-02T08:20:22.577+0000][182.843s][11677] GC(437) Pause Full (Allocation Failure) 512M->512M(539M) 399.650ms
[2026-10-02T08:20:22.971+0000][183.238s][11677] GC(438) Pause Full (Allocation Failure) 512M->512M(540M) 389.514ms
[2026-10-02T08:20:23.434+0000][183.701s][11677] GC(439) Pause Full (Allocation Failure) 512M->512M(539M) 454.933ms
[2026-10-02T08:20:23.800+0000][184.066s][11677] GC(440) Pause Full (Allocation Failure) 512M->512M(540M) 360.735ms
[2026-10-02T08:20:24.216+0000][184.482s][11677] GC(441) Pause Full (Allocation Failure) 512M->512M(539M) 409.663ms
[2026-10-02T08:20:24.759+0000][185.025s][11677] GC(442) Pause Full (Allocation Failure) 512M->512M(540M) 536.850ms
[2026-10-02T08:20:25.152+0000][185.418s][11677] GC(443) Pause Full (Allocation Failure) 512M->512M(539M) 387.828ms
[2026-10-02T08:20:25.518+0000][185.785s][11677] GC(444) Pause Full (Allocation Failure) 512M->512M(540M) 363.510ms
[2026-10-02T08:20:25.905+0000][186.171s][11677] GC(445) Pause Full (Diagnostic Command) 512M->512M(540M) 386.054ms
[2026-10-02T08:20:26.315+0000][186.581s][11677] GC(446) Pause Full (Allocation Failure) 512M->512M(539M) 404.865ms
[2026-10-02T08:20:26.739+0000][187.006s][11677] GC(447) Pause Full (Allocation Failure) 512M->512M(540M) 422.887ms
[2026-10-02T08:20:27.148+0000][187.415s][11677] GC(448) Pause Full (Allocation Failure) 512M->512M(539M) 406.872ms
[2026-10-02T08:20:27.553+0000][187.819s][11677] GC(449) Pause Full (Allocation Failure) 512M->512M(540M) 401.730ms
[2026-10-02T08:20:27.959+0000][188.225s][11677] GC(450) Pause Full (Allocation Failure) 512M->512M(539M) 402.503ms
[2026-10-02T08:20:28.323+0000][188.589s][11677] GC(451) Pause Full (Allocation Failure) 512M->512M(540M) 361.525ms
[2026-10-02T08:20:28.692+0000][188.958s][11677] GC(452) Pause Full (Allocation Failure) 512M->512M(539M) 366.800ms
[2026-10-02T08:20:29.116+0000][189.383s][11677] GC(453) Pause Full (Allocation Failure) 512M->512M(540M) 422.198ms
[2026-10-02T08:20:29.479+0000][189.746s][11677] GC(454) Pause Full (Allocation Failure) 512M->512M(539M) 361.670ms
[2026-10-02T08:20:29.845+0000][190.111s][11677] GC(455) Pause Full (Allocation Failure) 512M->512M(540M) 363.374ms
[2026-10-02T08:20:30.261+0000][190.527s][11677] GC(456) Pause Full (Allocation Failure) 512M->512M(539M) 413.458ms
[2026-10-02T08:20:30.625+0000][190.891s][11677] GC(457) Pause Full (Allocation Failure) 512M->512M(540M) 362.704ms
[2026-10-02T08:20:31.184+0000][191.451s][11677] GC(458) Pause Full (Allocation Failure) 512M->512M(539M) 557.378ms
[2026-10-02T08:20:31.593+0000][191.859s][11677] GC(459) Pause Full (Allocation Failure) 512M->512M(540M) 406.495ms
[2026-10-02T08:20:31.958+0000][192.224s][11677] GC(460) Pause Full (Allocation Failure) 512M->512M(539M) 362.643ms
[2026-10-02T08:20:32.321+0000][192.588s][11677] GC(461) Pause Full (Diagnostic Command) 512M->512M(539M) 363.403ms
[2026-10-02T08:20:32.733+0000][193.000s][11677] GC(462) Pause Full (Allocation Failure) 512M->512M(540M) 408.985ms
[2026-10-02T08:20:33.160+0000][193.427s][11677] GC(463) Pause Full (Allocation Failure) 512M->512M(539M) 423.002ms
[2026-10-02T08:20:33.525+0000][193.791s][11677] GC(464) Pause Full (Allocation Failure) 512M->512M(540M) 363.514ms
[2026-10-02T08:20:33.893+0000][194.159s][11677] GC(465) Pause Full (Allocation Failure) 512M->512M(539M) 365.685ms
[2026-10-02T08:20:34.257+0000][194.523s][11677] GC(466) Pause Full (Allocation Failure) 512M->512M(540M) 362.669ms
[2026-10-02T08:20:34.622+0000][194.888s][11677] GC(467) Pause Full (Allocation Failure) 512M->512M(539M) 363.530ms
[2026-10-02T08:20:34.988+0000][195.254s][11677] GC(468) Pause Full (Allocation Failure) 512M->512M(540M) 365.181ms
[2026-10-02T08:20:35.366+0000][195.632s][11677] GC(469) Pause Full (Allocation Failure) 512M->512M(539M) 375.236ms
[2026-10-02T08:20:35.732+0000][195.998s][11677] GC(470) Pause Full (Allocation Failure) 512M->512M(540M) 364.821ms
[2026-10-02T08:20:36.097+0000][196.363s][11677] GC(471) Pause Full (Allocation Failure) 512M->512M(539M) 363.327ms
[2026-10-02T08:20:36.562+0000][196.829s][11677] GC(472) Pause Full (Allocation Failure) 512M->512M(540M) 463.035ms
[2026-10-02T08:20:36.927+0000][197.193s][11677] GC(473) Pause Full (Allocation Failure) 512M->512M(539M) 363.120ms
[2026-10-02T08:20:37.387+0000][197.654s][11677] GC(474) Pause Full (Allocation Failure) 512M->512M(540M) 458.326ms
[2026-10-02T08:20:37.760+0000][198.026s][11677] GC(475) Pause Full (Allocation Failure) 512M->512M(539M) 369.797ms
[2026-10-02T08:20:38.124+0000][198.390s][11677] GC(476) Pause Full (Diagnostic Command) 512M->512M(539M) 363.771ms
[2026-10-02T08:20:38.581+0000][198.848s][11677] GC(477) Pause Full (Allocation Failure) 512M->512M(540M) 455.399ms
[2026-10-02T08:20:39.045+0000][199.311s][11677] GC(478) Pause Full (Allocation Failure) 512M->512M(539M) 460.154ms
[2026-10-02T08:20:39.478+0000][199.744s][11677] GC(479) Pause Full (Allocation Failure) 512M->512M(540M) 430.365ms
[2026-10-02T08:20:39.886+0000][200.152s][11677] GC(480) Pause Full (Allocation Failure) 512M->512M(539M) 406.067ms
[2026-10-02T08:20:40.290+0000][200.556s][11677] GC(481) Pause Full (Allocation Failure) 512M->512M(540M) 402.463ms
[2026-10-02T08:20:40.652+0000][200.919s][11677] GC(482) Pause Full (Allocation Failure) 512M->512M(539M) 361.284ms
[2026-10-02T08:20:41.016+0000][201.282s][11677] GC(483) Pause Full (Allocation Failure) 512M->512M(540M) 361.145ms
[2026-10-02T08:20:41.399+0000][201.665s][11677] GC(484) Pause Full (Allocation Failure) 512M->512M(539M) 381.189ms
[2026-10-02T08:20:41.761+0000][202.027s][11677] GC(485) Pause Full (Allocation Failure) 512M->512M(540M) 360.529ms
[2026-10-02T08:20:42.121+0000][202.387s][11677] GC(486) Pause Full (Allocation Failure) 512M->512M(539M) 359.158ms
[2026-10-02T08:20:42.483+0000][202.749s][11677] GC(487) Pause Full (Allocation Failure) 512M->512M(540M) 359.886ms
[2026-10-02T08:20:42.845+0000][203.111s][11677] GC(488) Pause Full (Allocation Failure) 512M->512M(539M) 360.578ms
[2026-10-02T08:20:43.211+0000][203.477s][11677] GC(489) Pause Full (Allocation Failure) 512M->512M(540M) 364.768ms
[2026-10-02T08:20:43.684+0000][203.951s][11677] GC(490) Pause Full (Allocation Failure) 512M->512M(539M) 472.201ms
[2026-10-02T08:20:44.143+0000][204.410s][11677] GC(491) Pause Full (Allocation Failure) 512M->512M(540M) 456.965ms
[2026-10-02T08:20:44.505+0000][204.771s][11677] GC(492) Pause Full (Allocation Failure) 512M->512M(539M) 360.762ms
[2026-10-02T08:20:44.867+0000][205.134s][11677] GC(493) Pause Full (Diagnostic Command) 512M->512M(539M) 361.947ms
[2026-10-02T08:20:45.230+0000][205.497s][11677] GC(494) Pause Full (Allocation Failure) 512M->512M(540M) 361.694ms
[2026-10-02T08:20:45.629+0000][205.896s][11677] GC(495) Pause Full (Allocation Failure) 512M->512M(539M) 397.735ms
[2026-10-02T08:20:45.988+0000][206.254s][11677] GC(496) Pause Full (Allocation Failure) 512M->512M(540M) 357.303ms
[2026-10-02T08:20:46.349+0000][206.616s][11677] GC(497) Pause Full (Allocation Failure) 512M->512M(539M) 360.429ms
[2026-10-02T08:20:46.712+0000][206.978s][11677] GC(498) Pause Full (Allocation Failure) 512M->512M(540M) 361.460ms
[2026-10-02T08:20:47.079+0000][207.345s][11677] GC(499) Pause Full (Allocation Failure) 512M->512M(539M) 366.325ms
[2026-10-02T08:20:47.442+0000][207.708s][11677] GC(500) Pause Full (Allocation Failure) 512M->512M(540M) 361.768ms
[2026-10-02T08:20:47.822+0000][208.089s][11677] GC(501) Pause Full (Allocation Failure) 512M->512M(539M) 379.850ms
[2026-10-02T08:20:48.181+0000][208.448s][11677] GC(502) Pause Full (Allocation Failure) 512M->512M(540M) 358.057ms
[2026-10-02T08:20:48.543+0000][208.810s][11677] GC(503) Pause Full (Allocation Failure) 512M->512M(539M) 360.820ms
[2026-10-02T08:20:48.906+0000][209.172s][11677] GC(504) Pause Full (Allocation Failure) 512M->512M(540M) 361.186ms
[2026-10-02T08:20:49.269+0000][209.536s][11677] GC(505) Pause Full (Allocation Failure) 512M->512M(539M) 362.231ms
[2026-10-02T08:20:49.642+0000][209.908s][11677] GC(506) Pause Full (Allocation Failure) 512M->512M(540M) 371.408ms
[2026-10-02T08:20:50.105+0000][210.371s][11677] GC(507) Pause Full (Allocation Failure) 512M->512M(539M) 461.004ms
[2026-10-02T08:20:50.470+0000][210.737s][11677] GC(508) Pause Full (Allocation Failure) 512M->512M(540M) 362.995ms
[2026-10-02T08:20:50.831+0000][211.097s][11677] GC(509) Pause Full (Diagnostic Command) 512M->512M(540M) 359.988ms
[2026-10-02T08:20:51.197+0000][211.463s][11677] GC(510) Pause Full (Allocation Failure) 512M->512M(539M) 363.824ms
[2026-10-02T08:20:51.557+0000][211.824s][11677] GC(511) Pause Full (Allocation Failure) 512M->512M(540M) 359.444ms
[2026-10-02T08:20:51.941+0000][212.207s][11677] GC(512) Pause Full (Allocation Failure) 512M->512M(539M) 381.201ms
[2026-10-02T08:20:52.302+0000][212.569s][11677] GC(513) Pause Full (Allocation Failure) 512M->512M(540M) 360.613ms
[2026-10-02T08:20:52.665+0000][212.932s][11677] GC(514) Pause Full (Allocation Failure) 512M->512M(539M) 361.808ms
[2026-10-02T08:20:53.030+0000][213.296s][11677] GC(515) Pause Full (Allocation Failure) 512M->512M(540M) 362.975ms
[2026-10-02T08:20:53.398+0000][213.664s][11677] GC(516) Pause Full (Allocation Failure) 512M->512M(539M) 366.195ms
[2026-10-02T08:20:53.769+0000][214.035s][11677] GC(517) Pause Full (Allocation Failure) 512M->512M(540M) 368.149ms
[2026-10-02T08:20:54.152+0000][214.418s][11677] GC(518) Pause Full (Allocation Failure) 512M->512M(539M) 381.986ms
[2026-10-02T08:20:54.515+0000][214.781s][11677] GC(519) Pause Full (Allocation Failure) 512M->512M(540M) 360.264ms
[2026-10-02T08:20:54.880+0000][215.146s][11677] GC(520) Pause Full (Allocation Failure) 512M->512M(539M) 364.005ms
[2026-10-02T08:20:55.241+0000][215.507s][11677] GC(521) Pause Full (Allocation Failure) 512M->512M(540M) 359.661ms
[2026-10-02T08:20:55.602+0000][215.868s][11677] GC(522) Pause Full (Allocation Failure) 512M->512M(539M) 359.782ms
[2026-10-02T08:20:56.012+0000][216.278s][11677] GC(523) Pause Full (Allocation Failure) 512M->512M(540M) 405.558ms
[2026-10-02T08:20:56.433+0000][216.699s][11677] GC(524) Pause Full (Allocation Failure) 512M->512M(539M) 418.638ms
[2026-10-02T08:20:56.800+0000][217.066s][11677] GC(525) Pause Full (Allocation Failure) 512M->512M(540M) 366.009ms
[2026-10-02T08:20:57.162+0000][217.428s][11677] GC(526) Pause Full (Diagnostic Command) 512M->512M(540M) 362.098ms
[2026-10-02T08:20:57.523+0000][217.790s][11677] GC(527) Pause Full (Allocation Failure) 512M->512M(539M) 360.848ms
[2026-10-02T08:20:57.884+0000][218.151s][11677] GC(528) Pause Full (Allocation Failure) 512M->512M(540M) 360.357ms
[2026-10-02T08:20:58.262+0000][218.528s][11677] GC(529) Pause Full (Allocation Failure) 512M->512M(539M) 376.673ms
[2026-10-02T08:20:58.622+0000][218.888s][11677] GC(530) Pause Full (Allocation Failure) 512M->512M(540M) 359.796ms
[2026-10-02T08:20:58.984+0000][219.250s][11677] GC(531) Pause Full (Allocation Failure) 512M->512M(539M) 360.749ms
[2026-10-02T08:20:59.344+0000][219.610s][11677] GC(532) Pause Full (Allocation Failure) 512M->512M(540M) 359.903ms
[2026-10-02T08:20:59.703+0000][219.969s][11677] GC(533) Pause Full (Allocation Failure) 512M->512M(539M) 358.111ms
[2026-10-02T08:21:00.062+0000][220.328s][11677] GC(534) Pause Full (Allocation Failure) 512M->512M(540M) 358.281ms
[2026-10-02T08:21:00.434+0000][220.701s][11677] GC(535) Pause Full (Allocation Failure) 512M->512M(539M) 371.699ms
[2026-10-02T08:21:00.790+0000][221.056s][11677] GC(536) Pause Full (Allocation Failure) 512M->512M(540M) 355.305ms
[2026-10-02T08:21:01.148+0000][221.414s][11677] GC(537) Pause Full (Allocation Failure) 512M->512M(539M) 357.114ms
[2026-10-02T08:21:01.510+0000][221.776s][11677] GC(538) Pause Full (Allocation Failure) 512M->512M(540M) 361.348ms
[2026-10-02T08:21:01.872+0000][222.138s][11677] GC(539) Pause Full (Allocation Failure) 512M->512M(539M) 360.148ms
[2026-10-02T08:21:02.252+0000][222.518s][11677] GC(540) Pause Full (Allocation Failure) 512M->512M(540M) 378.829ms
[2026-10-02T08:21:02.688+0000][222.954s][11677] GC(541) Pause Full (Allocation Failure) 512M->512M(539M) 435.136ms
[2026-10-02T08:21:03.048+0000][223.315s][11677] GC(542) Pause Full (Allocation Failure) 512M->512M(540M) 359.084ms
[2026-10-02T08:21:03.407+0000][223.673s][11677] GC(543) Pause Full (Diagnostic Command) 512M->512M(540M) 358.110ms
[2026-10-02T08:21:03.766+0000][224.033s][11677] GC(544) Pause Full (Allocation Failure) 512M->512M(539M) 357.185ms
[2026-10-02T08:21:04.210+0000][224.476s][11677] GC(545) Pause Full (Allocation Failure) 512M->512M(540M) 440.015ms
[2026-10-02T08:21:04.586+0000][224.852s][11677] GC(546) Pause Full (Allocation Failure) 512M->512M(539M) 374.561ms
[2026-10-02T08:21:05.029+0000][225.295s][11677] GC(547) Pause Full (Allocation Failure) 512M->512M(540M) 440.743ms
[2026-10-02T08:21:05.397+0000][225.663s][11677] GC(548) Pause Full (Allocation Failure) 512M->512M(539M) 366.523ms
[2026-10-02T08:21:05.757+0000][226.023s][11677] GC(549) Pause Full (Allocation Failure) 512M->512M(540M) 357.886ms
[2026-10-02T08:21:06.116+0000][226.382s][11677] GC(550) Pause Full (Allocation Failure) 512M->512M(539M) 357.859ms
[2026-10-02T08:21:06.486+0000][226.753s][11677] GC(551) Pause Full (Allocation Failure) 512M->512M(540M) 369.464ms
[2026-10-02T08:21:06.848+0000][227.114s][11677] GC(552) Pause Full (Allocation Failure) 512M->512M(539M) 360.667ms
[2026-10-02T08:21:07.206+0000][227.472s][11677] GC(553) Pause Full (Allocation Failure) 512M->512M(540M) 356.962ms
[2026-10-02T08:21:07.563+0000][227.829s][11677] GC(554) Pause Full (Allocation Failure) 512M->512M(539M) 355.624ms
[2026-10-02T08:21:07.921+0000][228.187s][11677] GC(555) Pause Full (Allocation Failure) 512M->512M(540M) 356.910ms
[2026-10-02T08:21:08.279+0000][228.545s][11677] GC(556) Pause Full (Allocation Failure) 512M->512M(539M) 356.755ms
[2026-10-02T08:21:08.728+0000][228.995s][11677] GC(557) Pause Full (Allocation Failure) 512M->512M(540M) 448.823ms
[2026-10-02T08:21:09.125+0000][229.391s][11677] GC(558) Pause Full (Allocation Failure) 512M->512M(539M) 395.625ms
[2026-10-02T08:21:09.482+0000][229.748s][11677] GC(559) Pause Full (Diagnostic Command) 512M->512M(539M) 356.804ms
[2026-10-02T08:21:09.848+0000][230.115s][11677] GC(560) Pause Full (Allocation Failure) 512M->512M(540M) 364.750ms
[2026-10-02T08:21:10.206+0000][230.473s][11677] GC(561) Pause Full (Allocation Failure) 512M->512M(539M) 357.178ms
[2026-10-02T08:21:10.569+0000][230.835s][11677] GC(562) Pause Full (Allocation Failure) 512M->512M(540M) 361.650ms
[2026-10-02T08:21:10.939+0000][231.205s][11677] GC(563) Pause Full (Allocation Failure) 512M->512M(539M) 368.854ms
[2026-10-02T08:21:11.300+0000][231.566s][11677] GC(564) Pause Full (Allocation Failure) 512M->512M(540M) 359.889ms
[2026-10-02T08:21:11.657+0000][231.924s][11677] GC(565) Pause Full (Allocation Failure) 512M->512M(539M) 356.393ms
[2026-10-02T08:21:12.014+0000][232.280s][11677] GC(566) Pause Full (Allocation Failure) 512M->512M(540M) 356.140ms
[2026-10-02T08:21:12.372+0000][232.639s][11677] GC(567) Pause Full (Allocation Failure) 512M->512M(539M) 357.173ms
[2026-10-02T08:21:12.743+0000][233.009s][11677] GC(568) Pause Full (Allocation Failure) 512M->512M(540M) 369.292ms
[2026-10-02T08:21:13.099+0000][233.366s][11677] GC(569) Pause Full (Allocation Failure) 512M->512M(539M) 355.943ms
[2026-10-02T08:21:13.500+0000][233.766s][11677] GC(570) Pause Full (Allocation Failure) 512M->512M(540M) 398.385ms
[2026-10-02T08:21:13.855+0000][234.122s][11677] GC(571) Pause Full (Allocation Failure) 512M->512M(539M) 354.510ms
[2026-10-02T08:21:14.213+0000][234.480s][11677] GC(572) Pause Full (Allocation Failure) 512M->512M(540M) 357.018ms
[2026-10-02T08:21:14.571+0000][234.837s][11677] GC(573) Pause Full (Allocation Failure) 512M->512M(539M) 356.452ms
[2026-10-02T08:21:15.004+0000][235.270s][11677] GC(574) Pause Full (Allocation Failure) 512M->512M(540M) 432.370ms
[2026-10-02T08:21:15.378+0000][235.644s][11677] GC(575) Pause Full (Allocation Failure) 512M->512M(539M) 372.624ms
[2026-10-02T08:21:15.738+0000][236.004s][11677] GC(576) Pause Full (Allocation Failure) 512M->512M(540M) 358.097ms
[2026-10-02T08:21:16.093+0000][236.360s][11677] GC(577) Pause Full (Diagnostic Command) 512M->512M(540M) 354.941ms
[2026-10-02T08:21:16.533+0000][236.799s][11677] GC(578) Pause Full (Allocation Failure) 512M->512M(539M) 436.845ms
[2026-10-02T08:21:16.984+0000][237.251s][11677] GC(579) Pause Full (Allocation Failure) 512M->512M(540M) 450.267ms
[2026-10-02T08:21:17.413+0000][237.679s][11677] GC(580) Pause Full (Allocation Failure) 512M->512M(539M) 427.184ms
[2026-10-02T08:21:17.845+0000][238.112s][11677] GC(581) Pause Full (Allocation Failure) 512M->512M(540M) 429.813ms
[2026-10-02T08:21:18.210+0000][238.476s][11677] GC(582) Pause Full (Allocation Failure) 512M->512M(539M) 363.088ms
[2026-10-02T08:21:18.621+0000][238.888s][11677] GC(583) Pause Full (Allocation Failure) 512M->512M(540M) 409.142ms
[2026-10-02T08:21:19.073+0000][239.339s][11677] GC(584) Pause Full (Allocation Failure) 512M->512M(539M) 449.697ms
[2026-10-02T08:21:19.430+0000][239.697s][11677] GC(585) Pause Full (Allocation Failure) 512M->512M(540M) 356.378ms
[2026-10-02T08:21:19.867+0000][240.133s][11677] GC(586) Pause Full (Allocation Failure) 512M->512M(539M) 434.951ms
[2026-10-02T08:21:20.224+0000][240.490s][11677] GC(587) Pause Full (Allocation Failure) 512M->512M(540M) 356.171ms
[2026-10-02T08:21:20.580+0000][240.847s][11677] GC(588) Pause Full (Allocation Failure) 512M->512M(539M) 355.621ms
[2026-10-02T08:21:20.938+0000][241.204s][11677] GC(589) Pause Full (Allocation Failure) 512M->512M(540M) 356.321ms
[2026-10-02T08:21:21.391+0000][241.658s][11677] GC(590) Pause Full (Allocation Failure) 512M->512M(539M) 451.883ms
[2026-10-02T08:21:21.752+0000][242.019s][11677] GC(591) Pause Full (Allocation Failure) 512M->512M(540M) 358.006ms
[2026-10-02T08:21:22.111+0000][242.377s][11677] GC(592) Pause Full (Diagnostic Command) 512M->512M(540M) 357.563ms
[2026-10-02T08:21:22.473+0000][242.739s][11677] GC(593) Pause Full (Allocation Failure) 512M->512M(539M) 360.136ms
[2026-10-02T08:21:22.831+0000][243.097s][11677] GC(594) Pause Full (Allocation Failure) 512M->512M(540M) 357.070ms
[2026-10-02T08:21:23.205+0000][243.472s][11677] GC(595) Pause Full (Allocation Failure) 512M->512M(539M) 373.459ms
[2026-10-02T08:21:23.563+0000][243.829s][11677] GC(596) Pause Full (Allocation Failure) 512M->512M(540M) 356.772ms
[2026-10-02T08:21:23.919+0000][244.186s][11677] GC(597) Pause Full (Allocation Failure) 512M->512M(539M) 355.060ms
[2026-10-02T08:21:24.356+0000][244.622s][11677] GC(598) Pause Full (Allocation Failure) 512M->512M(540M) 435.114ms
[2026-10-02T08:21:24.792+0000][245.058s][11677] GC(599) Pause Full (Allocation Failure) 512M->512M(539M) 434.042ms
[2026-10-02T08:21:25.244+0000][245.510s][11677] GC(600) Pause Full (Allocation Failure) 512M->512M(540M) 450.949ms
[2026-10-02T08:21:25.686+0000][245.952s][11677] GC(601) Pause Full (Allocation Failure) 512M->512M(539M) 440.149ms
[2026-10-02T08:21:26.058+0000][246.324s][11677] GC(602) Pause Full (Allocation Failure) 512M->512M(540M) 371.301ms
[2026-10-02T08:21:26.415+0000][246.681s][11677] GC(603) Pause Full (Allocation Failure) 512M->512M(539M) 355.765ms
[2026-10-02T08:21:26.774+0000][247.040s][11677] GC(604) Pause Full (Allocation Failure) 512M->512M(540M) 358.554ms
[2026-10-02T08:21:27.131+0000][247.398s][11677] GC(605) Pause Full (Allocation Failure) 512M->512M(539M) 356.416ms
[2026-10-02T08:21:27.605+0000][247.871s][11677] GC(606) Pause Full (Allocation Failure) 512M->512M(540M) 471.612ms
[2026-10-02T08:21:27.987+0000][248.253s][11677] GC(607) Pause Full (Allocation Failure) 512M->512M(539M) 378.894ms
[2026-10-02T08:21:28.349+0000][248.615s][11677] GC(608) Pause Full (Diagnostic Command) 512M->512M(539M) 361.007ms
[2026-10-02T08:21:28.708+0000][248.974s][11677] GC(609) Pause Full (Allocation Failure) 512M->512M(540M) 358.180ms
[2026-10-02T08:21:29.063+0000][249.330s][11677] GC(610) Pause Full (Allocation Failure) 512M->512M(539M) 354.748ms
[2026-10-02T08:21:29.433+0000][249.700s][11677] GC(611) Pause Full (Allocation Failure) 512M->512M(540M) 369.081ms
[2026-10-02T08:21:29.791+0000][250.057s][11677] GC(612) Pause Full (Allocation Failure) 512M->512M(539M) 356.685ms
[2026-10-02T08:21:30.148+0000][250.414s][11677] GC(613) Pause Full (Allocation Failure) 512M->512M(540M) 356.206ms
[2026-10-02T08:21:30.504+0000][250.770s][11677] GC(614) Pause Full (Allocation Failure) 512M->512M(539M) 355.236ms
[2026-10-02T08:21:30.946+0000][251.212s][11677] GC(615) Pause Full (Allocation Failure) 512M->512M(540M) 439.997ms
[2026-10-02T08:21:31.305+0000][251.572s][11677] GC(616) Pause Full (Allocation Failure) 512M->512M(539M) 358.772ms
[2026-10-02T08:21:31.673+0000][251.939s][11677] GC(617) Pause Full (Allocation Failure) 512M->512M(540M) 366.654ms
[2026-10-02T08:21:32.035+0000][252.301s][11677] GC(618) Pause Full (Allocation Failure) 512M->512M(539M) 360.680ms
[2026-10-02T08:21:32.396+0000][252.662s][11677] GC(619) Pause Full (Allocation Failure) 512M->512M(540M) 359.703ms
[2026-10-02T08:21:32.757+0000][253.023s][11677] GC(620) Pause Full (Allocation Failure) 512M->512M(539M) 359.842ms
[2026-10-02T08:21:33.121+0000][253.388s][11677] GC(621) Pause Full (Allocation Failure) 512M->512M(540M) 363.246ms
[2026-10-02T08:21:33.481+0000][253.748s][11677] GC(622) Pause Full (Allocation Failure) 512M->512M(539M) 359.307ms
[2026-10-02T08:21:34.024+0000][254.290s][11677] GC(623) Pause Full (Allocation Failure) 512M->512M(540M) 540.831ms
[2026-10-02T08:21:34.465+0000][254.731s][11677] GC(624) Pause Full (Allocation Failure) 512M->512M(539M) 438.122ms
[2026-10-02T08:21:34.821+0000][255.087s][11677] GC(625) Pause Full (Diagnostic Command) 512M->512M(539M) 355.868ms
[2026-10-02T08:21:35.181+0000][255.447s][11677] GC(626) Pause Full (Allocation Failure) 512M->512M(540M) 358.587ms
[2026-10-02T08:21:35.537+0000][255.804s][11677] GC(627) Pause Full (Allocation Failure) 512M->512M(539M) 355.606ms
[2026-10-02T08:21:35.913+0000][256.179s][11677] GC(628) Pause Full (Allocation Failure) 512M->512M(540M) 374.387ms
[2026-10-02T08:21:36.275+0000][256.541s][11677] GC(629) Pause Full (Allocation Failure) 512M->512M(539M) 360.672ms
[2026-10-02T08:21:36.640+0000][256.907s][11677] GC(630) Pause Full (Allocation Failure) 512M->512M(540M) 364.842ms
[2026-10-02T08:21:36.999+0000][257.265s][11677] GC(631) Pause Full (Allocation Failure) 512M->512M(539M) 357.542ms
[2026-10-02T08:21:37.359+0000][257.626s][11677] GC(632) Pause Full (Allocation Failure) 512M->512M(540M) 359.747ms
[2026-10-02T08:21:37.796+0000][258.063s][11677] GC(633) Pause Full (Allocation Failure) 512M->512M(539M) 435.655ms
[2026-10-02T08:21:38.160+0000][258.426s][11677] GC(634) Pause Full (Allocation Failure) 512M->512M(540M) 362.392ms
[2026-10-02T08:21:38.596+0000][258.862s][11677] GC(635) Pause Full (Allocation Failure) 512M->512M(539M) 434.376ms
[2026-10-02T08:21:38.960+0000][259.226s][11677] GC(636) Pause Full (Allocation Failure) 512M->512M(540M) 363.089ms
[2026-10-02T08:21:39.319+0000][259.586s][11677] GC(637) Pause Full (Allocation Failure) 512M->512M(539M) 358.708ms
[2026-10-02T08:21:39.681+0000][259.947s][11677] GC(638) Pause Full (Allocation Failure) 512M->512M(540M) 360.015ms
[2026-10-02T08:21:40.134+0000][260.400s][11677] GC(639) Pause Full (Allocation Failure) 512M->512M(539M) 452.465ms
[2026-10-02T08:21:40.568+0000][260.834s][11677] GC(640) Pause Full (Allocation Failure) 512M->512M(540M) 432.544ms
[2026-10-02T08:21:40.932+0000][261.198s][11677] GC(641) Pause Full (Diagnostic Command) 512M->512M(540M) 363.634ms
[2026-10-02T08:21:41.372+0000][261.638s][11677] GC(642) Pause Full (Allocation Failure) 512M->512M(539M) 436.613ms
[2026-10-02T08:21:41.731+0000][261.997s][11677] GC(643) Pause Full (Allocation Failure) 512M->512M(540M) 358.240ms
[2026-10-02T08:21:42.104+0000][262.371s][11677] GC(644) Pause Full (Allocation Failure) 512M->512M(539M) 372.599ms
[2026-10-02T08:21:42.467+0000][262.733s][11677] GC(645) Pause Full (Allocation Failure) 512M->512M(540M) 361.947ms
[2026-10-02T08:21:42.904+0000][263.170s][11677] GC(646) Pause Full (Allocation Failure) 512M->512M(539M) 435.792ms
[2026-10-02T08:21:43.264+0000][263.530s][11677] GC(647) Pause Full (Allocation Failure) 512M->512M(540M) 359.319ms
[2026-10-02T08:21:43.624+0000][263.890s][11677] GC(648) Pause Full (Allocation Failure) 512M->512M(539M) 359.151ms
[2026-10-02T08:21:43.989+0000][264.255s][11677] GC(649) Pause Full (Allocation Failure) 512M->512M(540M) 364.320ms
[2026-10-02T08:21:44.430+0000][264.696s][11677] GC(650) Pause Full (Allocation Failure) 512M->512M(539M) 438.621ms
[2026-10-02T08:21:44.866+0000][265.132s][11677] GC(651) Pause Full (Allocation Failure) 512M->512M(540M) 435.065ms
[2026-10-02T08:21:45.226+0000][265.492s][11677] GC(652) Pause Full (Allocation Failure) 512M->512M(539M) 358.994ms
[2026-10-02T08:21:45.665+0000][265.931s][11677] GC(653) Pause Full (Allocation Failure) 512M->512M(540M) 437.725ms
[2026-10-02T08:21:46.119+0000][266.385s][11677] GC(654) Pause Full (Allocation Failure) 512M->512M(539M) 452.721ms
[2026-10-02T08:21:46.624+0000][266.891s][11677] GC(655) Pause Full (Allocation Failure) 512M->512M(540M) 500.872ms
[2026-10-02T08:21:47.056+0000][267.322s][11677] GC(656) Pause Full (Allocation Failure) 512M->512M(539M) 429.607ms
[2026-10-02T08:21:47.414+0000][267.680s][11677] GC(657) Pause Full (Diagnostic Command) 512M->512M(539M) 356.921ms
[2026-10-02T08:21:47.773+0000][268.039s][11677] GC(658) Pause Full (Allocation Failure) 512M->512M(540M) 358.256ms
[2026-10-02T08:21:48.207+0000][268.473s][11677] GC(659) Pause Full (Allocation Failure) 512M->512M(539M) 432.927ms
[2026-10-02T08:21:48.564+0000][268.830s][11677] GC(660) Pause Full (Allocation Failure) 512M->512M(540M) 356.498ms
[2026-10-02T08:21:48.921+0000][269.187s][11677] GC(661) Pause Full (Allocation Failure) 512M->512M(539M) 355.754ms
[2026-10-02T08:21:49.279+0000][269.545s][11677] GC(662) Pause Full (Allocation Failure) 512M->512M(540M) 357.382ms
[2026-10-02T08:21:49.705+0000][269.972s][11677] GC(663) Pause Full (Allocation Failure) 512M->512M(539M) 424.988ms
[2026-10-02T08:21:50.066+0000][270.332s][11677] GC(664) Pause Full (Allocation Failure) 512M->512M(540M) 359.516ms
[2026-10-02T08:21:50.439+0000][270.706s][11677] GC(665) Pause Full (Allocation Failure) 512M->512M(539M) 371.246ms
[2026-10-02T08:21:50.796+0000][271.062s][11677] GC(666) Pause Full (Allocation Failure) 512M->512M(540M) 355.060ms
[2026-10-02T08:21:51.156+0000][271.422s][11677] GC(667) Pause Full (Allocation Failure) 512M->512M(539M) 357.800ms
[2026-10-02T08:21:51.512+0000][271.779s][11677] GC(668) Pause Full (Allocation Failure) 512M->512M(540M) 356.195ms
[2026-10-02T08:21:51.869+0000][272.136s][11677] GC(669) Pause Full (Allocation Failure) 512M->512M(539M) 355.977ms
[2026-10-02T08:21:52.226+0000][272.492s][11677] GC(670) Pause Full (Allocation Failure) 512M->512M(540M) 355.430ms
[2026-10-02T08:21:52.675+0000][272.941s][11677] GC(671) Pause Full (Allocation Failure) 512M->512M(539M) 448.522ms
[2026-10-02T08:21:53.035+0000][273.301s][11677] GC(672) Pause Full (Allocation Failure) 512M->512M(540M) 358.803ms
[2026-10-02T08:21:53.393+0000][273.659s][11677] GC(673) Pause Full (Diagnostic Command) 512M->512M(540M) 357.046ms
[2026-10-02T08:21:53.754+0000][274.020s][11677] GC(674) Pause Full (Allocation Failure) 512M->512M(539M) 360.442ms
[2026-10-02T08:21:54.114+0000][274.380s][11677] GC(675) Pause Full (Allocation Failure) 512M->512M(540M) 358.777ms
[2026-10-02T08:21:54.487+0000][274.753s][11677] GC(676) Pause Full (Allocation Failure) 512M->512M(539M) 372.454ms
[2026-10-02T08:21:54.846+0000][275.112s][11677] GC(677) Pause Full (Allocation Failure) 512M->512M(540M) 358.032ms
[2026-10-02T08:21:55.205+0000][275.471s][11677] GC(678) Pause Full (Allocation Failure) 512M->512M(539M) 358.199ms
[2026-10-02T08:21:55.561+0000][275.828s][11677] GC(679) Pause Full (Allocation Failure) 512M->512M(540M) 355.416ms
[2026-10-02T08:21:55.918+0000][276.184s][11677] GC(680) Pause Full (Allocation Failure) 512M->512M(539M) 355.534ms
[2026-10-02T08:21:56.276+0000][276.543s][11677] GC(681) Pause Full (Allocation Failure) 512M->512M(540M) 357.881ms
[2026-10-02T08:21:56.651+0000][276.917s][11677] GC(682) Pause Full (Allocation Failure) 512M->512M(539M) 372.881ms
[2026-10-02T08:21:57.009+0000][277.275s][11677] GC(683) Pause Full (Allocation Failure) 512M->512M(540M) 357.078ms
[2026-10-02T08:21:57.368+0000][277.634s][11677] GC(684) Pause Full (Allocation Failure) 512M->512M(539M) 358.249ms
[2026-10-02T08:21:57.726+0000][277.993s][11677] GC(685) Pause Full (Allocation Failure) 512M->512M(540M) 357.402ms
[2026-10-02T08:21:58.082+0000][278.348s][11677] GC(686) Pause Full (Allocation Failure) 512M->512M(539M) 354.757ms
[2026-10-02T08:21:58.440+0000][278.706s][11677] GC(687) Pause Full (Allocation Failure) 512M->512M(540M) 356.870ms
[2026-10-02T08:21:58.892+0000][279.158s][11677] GC(688) Pause Full (Allocation Failure) 512M->512M(539M) 450.915ms
[2026-10-02T08:21:59.253+0000][279.520s][11677] GC(689) Pause Full (Allocation Failure) 512M->512M(540M) 359.992ms
[2026-10-02T08:21:59.609+0000][279.876s][11677] GC(690) Pause Full (Diagnostic Command) 512M->512M(540M) 355.672ms
[2026-10-02T08:21:59.968+0000][280.235s][11677] GC(691) Pause Full (Allocation Failure) 512M->512M(539M) 357.767ms
[2026-10-02T08:22:00.329+0000][280.595s][11677] GC(692) Pause Full (Allocation Failure) 512M->512M(540M) 359.444ms
[2026-10-02T08:22:00.698+0000][280.964s][11677] GC(693) Pause Full (Allocation Failure) 512M->512M(539M) 367.610ms
[2026-10-02T08:22:01.059+0000][281.326s][11677] GC(694) Pause Full (Allocation Failure) 512M->512M(540M) 360.497ms
[2026-10-02T08:22:01.419+0000][281.685s][11677] GC(695) Pause Full (Allocation Failure) 512M->512M(539M) 358.475ms
[2026-10-02T08:22:01.845+0000][282.111s][11677] GC(696) Pause Full (Allocation Failure) 512M->512M(540M) 424.342ms
[2026-10-02T08:22:02.271+0000][282.538s][11677] GC(697) Pause Full (Allocation Failure) 512M->512M(539M) 425.152ms
[2026-10-02T08:22:02.632+0000][282.898s][11677] GC(698) Pause Full (Allocation Failure) 512M->512M(540M) 359.836ms
[2026-10-02T08:22:03.007+0000][283.273s][11677] GC(699) Pause Full (Allocation Failure) 512M->512M(539M) 373.854ms
[2026-10-02T08:22:03.364+0000][283.630s][11677] GC(700) Pause Full (Allocation Failure) 512M->512M(540M) 355.809ms
[2026-10-02T08:22:03.721+0000][283.987s][11677] GC(701) Pause Full (Allocation Failure) 512M->512M(539M) 355.929ms
[2026-10-02T08:22:04.145+0000][284.411s][11677] GC(702) Pause Full (Allocation Failure) 512M->512M(540M) 422.492ms
[2026-10-02T08:22:04.504+0000][284.770s][11677] GC(703) Pause Full (Allocation Failure) 512M->512M(539M) 357.728ms
[2026-10-02T08:22:04.892+0000][285.158s][11677] GC(704) Pause Full (Allocation Failure) 512M->512M(540M) 387.490ms
[2026-10-02T08:22:05.329+0000][285.596s][11677] GC(705) Pause Full (Allocation Failure) 512M->512M(539M) 434.934ms
[2026-10-02T08:22:05.689+0000][285.955s][11677] GC(706) Pause Full (Allocation Failure) 512M->512M(540M) 357.809ms
[2026-10-02T08:22:06.050+0000][286.316s][11677] GC(707) Pause Full (Diagnostic Command) 512M->512M(540M) 359.836ms
[2026-10-02T08:22:06.411+0000][286.677s][11677] GC(708) Pause Full (Allocation Failure) 512M->512M(539M) 359.633ms
[2026-10-02T08:22:06.771+0000][287.037s][11677] GC(709) Pause Full (Allocation Failure) 512M->512M(540M) 358.683ms
[2026-10-02T08:22:07.142+0000][287.408s][11677] GC(710) Pause Full (Allocation Failure) 512M->512M(539M) 369.961ms
[2026-10-02T08:22:07.571+0000][287.838s][11677] GC(711) Pause Full (Allocation Failure) 512M->512M(540M) 428.578ms
[2026-10-02T08:22:07.928+0000][288.194s][11677] GC(712) Pause Full (Allocation Failure) 512M->512M(539M) 355.090ms
[2026-10-02T08:22:08.287+0000][288.554s][11677] GC(713) Pause Full (Allocation Failure) 512M->512M(540M) 358.707ms
[2026-10-02T08:22:08.646+0000][288.913s][11677] GC(714) Pause Full (Allocation Failure) 512M->512M(539M) 357.738ms
[2026-10-02T08:22:09.009+0000][289.275s][11677] GC(715) Pause Full (Allocation Failure) 512M->512M(540M) 361.601ms
[2026-10-02T08:22:09.378+0000][289.644s][11677] GC(716) Pause Full (Allocation Failure) 512M->512M(539M) 368.033ms
[2026-10-02T08:22:09.736+0000][290.002s][11677] GC(717) Pause Full (Allocation Failure) 512M->512M(540M) 357.698ms
[2026-10-02T08:22:10.093+0000][290.360s][11677] GC(718) Pause Full (Allocation Failure) 512M->512M(539M) 357.090ms
[2026-10-02T08:22:10.451+0000][290.717s][11677] GC(719) Pause Full (Allocation Failure) 512M->512M(540M) 356.531ms
[2026-10-02T08:22:10.873+0000][291.140s][11677] GC(720) Pause Full (Allocation Failure) 512M->512M(539M) 420.955ms
[2026-10-02T08:22:11.312+0000][291.578s][11677] GC(721) Pause Full (Allocation Failure) 512M->512M(540M) 437.220ms
[2026-10-02T08:22:11.708+0000][291.975s][11677] GC(722) Pause Full (Allocation Failure) 512M->512M(539M) 395.593ms
[2026-10-02T08:22:12.069+0000][292.336s][11677] GC(723) Pause Full (Allocation Failure) 512M->512M(540M) 360.014ms
[2026-10-02T08:22:12.429+0000][292.695s][11677] GC(724) Pause Full (Diagnostic Command) 512M->512M(540M) 358.631ms
[2026-10-02T08:22:12.790+0000][293.056s][11677] GC(725) Pause Full (Allocation Failure) 512M->512M(539M) 359.797ms
[2026-10-02T08:22:13.148+0000][293.415s][11677] GC(726) Pause Full (Allocation Failure) 512M->512M(540M) 357.270ms
[2026-10-02T08:22:13.530+0000][293.796s][11677] GC(727) Pause Full (Allocation Failure) 512M->512M(539M) 380.670ms
[2026-10-02T08:22:13.892+0000][294.159s][11677] GC(728) Pause Full (Allocation Failure) 512M->512M(540M) 361.260ms
[2026-10-02T08:22:14.256+0000][294.522s][11677] GC(729) Pause Full (Allocation Failure) 512M->512M(539M) 362.593ms
[2026-10-02T08:22:14.613+0000][294.880s][11677] GC(730) Pause Full (Allocation Failure) 512M->512M(540M) 355.897ms
[2026-10-02T08:22:14.973+0000][295.240s][11677] GC(731) Pause Full (Allocation Failure) 512M->512M(539M) 358.941ms
[2026-10-02T08:22:15.337+0000][295.603s][11677] GC(732) Pause Full (Allocation Failure) 512M->512M(540M) 362.986ms
[2026-10-02T08:22:15.710+0000][295.976s][11677] GC(733) Pause Full (Allocation Failure) 512M->512M(539M) 371.066ms
[2026-10-02T08:22:16.080+0000][296.347s][11677] GC(734) Pause Full (Allocation Failure) 512M->512M(540M) 368.362ms
[2026-10-02T08:22:16.441+0000][296.707s][11677] GC(735) Pause Full (Allocation Failure) 512M->512M(539M) 359.062ms
[2026-10-02T08:22:16.811+0000][297.078s][11677] GC(736) Pause Full (Allocation Failure) 512M->512M(540M) 368.317ms
[2026-10-02T08:22:17.167+0000][297.433s][11677] GC(737) Pause Full (Allocation Failure) 512M->512M(539M) 354.314ms
[2026-10-02T08:22:17.588+0000][297.855s][11677] GC(738) Pause Full (Allocation Failure) 512M->512M(540M) 420.726ms
[2026-10-02T08:22:17.988+0000][298.254s][11677] GC(739) Pause Full (Allocation Failure) 512M->512M(539M) 396.144ms
[2026-10-02T08:22:18.349+0000][298.615s][11677] GC(740) Pause Full (Allocation Failure) 512M->512M(540M) 360.584ms
[2026-10-02T08:22:18.706+0000][298.972s][11677] GC(741) Pause Full (Diagnostic Command) 512M->512M(540M) 356.142ms
[2026-10-02T08:22:19.069+0000][299.335s][11677] GC(742) Pause Full (Allocation Failure) 512M->512M(539M) 361.649ms
[2026-10-02T08:22:19.431+0000][299.698s][11677] GC(743) Pause Full (Allocation Failure) 512M->512M(540M) 361.669ms
[2026-10-02T08:22:19.876+0000][300.142s][11677] GC(744) Pause Full (Allocation Failure) 512M->512M(539M) 442.491ms
[2026-10-02T08:22:20.306+0000][300.573s][11677] GC(745) Pause Full (Allocation Failure) 512M->512M(540M) 428.530ms
[2026-10-02T08:22:20.668+0000][300.934s][11677] GC(746) Pause Full (Allocation Failure) 512M->512M(539M) 361.382ms
[2026-10-02T08:22:21.135+0000][301.401s][11677] GC(747) Pause Full (Allocation Failure) 512M->512M(540M) 465.452ms
[2026-10-02T08:22:21.497+0000][301.763s][11677] GC(748) Pause Full (Allocation Failure) 512M->512M(539M) 360.958ms
[2026-10-02T08:22:21.876+0000][302.142s][11677] GC(749) Pause Full (Allocation Failure) 512M->512M(540M) 379.135ms
[2026-10-02T08:22:22.236+0000][302.502s][11677] GC(750) Pause Full (Allocation Failure) 512M->512M(539M) 359.018ms
[2026-10-02T08:22:22.596+0000][302.862s][11677] GC(751) Pause Full (Allocation Failure) 512M->512M(540M) 359.766ms
[2026-10-02T08:22:22.954+0000][303.220s][11677] GC(752) Pause Full (Allocation Failure) 512M->512M(539M) 357.927ms
[2026-10-02T08:22:23.314+0000][303.581s][11677] GC(753) Pause Full (Allocation Failure) 512M->512M(540M) 360.150ms
[2026-10-02T08:22:23.675+0000][303.941s][11677] GC(754) Pause Full (Allocation Failure) 512M->512M(539M) 359.961ms
[2026-10-02T08:22:24.144+0000][304.410s][11677] GC(755) Pause Full (Allocation Failure) 512M->512M(540M) 469.107ms
[2026-10-02T08:22:24.603+0000][304.869s][11677] GC(756) Pause Full (Allocation Failure) 512M->512M(539M) 457.837ms
[2026-10-02T08:22:25.058+0000][305.324s][11677] GC(757) Pause Full (Allocation Failure) 512M->512M(540M) 454.274ms
[2026-10-02T08:22:25.417+0000][305.683s][11677] GC(758) Pause Full (Diagnostic Command) 512M->512M(540M) 358.170ms
[2026-10-02T08:22:25.919+0000][306.185s][11677] GC(759) Pause Full (Allocation Failure) 512M->512M(539M) 500.632ms
[2026-10-02T08:22:26.386+0000][306.652s][11677] GC(760) Pause Full (Allocation Failure) 512M->512M(540M) 464.279ms
[2026-10-02T08:22:26.847+0000][307.113s][11677] GC(761) Pause Full (Allocation Failure) 512M->512M(539M) 459.714ms
[2026-10-02T08:22:27.270+0000][307.537s][11677] GC(762) Pause Full (Allocation Failure) 512M->512M(540M) 421.749ms
[2026-10-02T08:22:27.628+0000][307.894s][11677] GC(763) Pause Full (Allocation Failure) 512M->512M(539M) 357.007ms
[2026-10-02T08:22:28.003+0000][308.269s][11677] GC(764) Pause Full (Allocation Failure) 512M->512M(540M) 373.807ms
[2026-10-02T08:22:28.361+0000][308.627s][11677] GC(765) Pause Full (Allocation Failure) 512M->512M(539M) 356.864ms
[2026-10-02T08:22:28.719+0000][308.985s][11677] GC(766) Pause Full (Allocation Failure) 512M->512M(540M) 356.982ms
[2026-10-02T08:22:29.078+0000][309.344s][11677] GC(767) Pause Full (Allocation Failure) 512M->512M(539M) 358.078ms
[2026-10-02T08:22:29.508+0000][309.775s][11677] GC(768) Pause Full (Allocation Failure) 512M->512M(540M) 428.446ms
[2026-10-02T08:22:29.866+0000][310.133s][11677] GC(769) Pause Full (Allocation Failure) 512M->512M(539M) 356.292ms
[2026-10-02T08:22:30.317+0000][310.583s][11677] GC(770) Pause Full (Allocation Failure) 512M->512M(540M) 449.352ms
[2026-10-02T08:22:30.741+0000][311.007s][11677] GC(771) Pause Full (Allocation Failure) 512M->512M(539M) 421.950ms
[2026-10-02T08:22:31.100+0000][311.366s][11677] GC(772) Pause Full (Diagnostic Command) 512M->512M(539M) 358.224ms
[2026-10-02T08:22:31.463+0000][311.730s][11677] GC(773) Pause Full (Allocation Failure) 512M->512M(540M) 362.147ms
[2026-10-02T08:22:31.822+0000][312.088s][11677] GC(774) Pause Full (Allocation Failure) 512M->512M(539M) 357.738ms
[2026-10-02T08:22:32.194+0000][312.461s][11677] GC(775) Pause Full (Allocation Failure) 512M->512M(540M) 371.489ms
[2026-10-02T08:22:32.552+0000][312.819s][11677] GC(776) Pause Full (Allocation Failure) 512M->512M(539M) 356.682ms
[2026-10-02T08:22:32.910+0000][313.177s][11677] GC(777) Pause Full (Allocation Failure) 512M->512M(540M) 356.692ms
[2026-10-02T08:22:33.268+0000][313.534s][11677] GC(778) Pause Full (Allocation Failure) 512M->512M(539M) 356.443ms
[2026-10-02T08:22:33.627+0000][313.893s][11677] GC(779) Pause Full (Allocation Failure) 512M->512M(540M) 357.878ms
[2026-10-02T08:22:33.984+0000][314.250s][11677] GC(780) Pause Full (Allocation Failure) 512M->512M(539M) 356.214ms
[2026-10-02T08:22:34.356+0000][314.622s][11677] GC(781) Pause Full (Allocation Failure) 512M->512M(540M) 370.900ms
[2026-10-02T08:22:34.714+0000][314.980s][11677] GC(782) Pause Full (Allocation Failure) 512M->512M(539M) 356.385ms
[2026-10-02T08:22:35.071+0000][315.337s][11677] GC(783) Pause Full (Allocation Failure) 512M->512M(540M) 356.697ms
[2026-10-02T08:22:35.428+0000][315.694s][11677] GC(784) Pause Full (Allocation Failure) 512M->512M(539M) 356.040ms
[2026-10-02T08:22:35.788+0000][316.055s][11677] GC(785) Pause Full (Allocation Failure) 512M->512M(540M) 358.451ms
[2026-10-02T08:22:36.203+0000][316.469s][11677] GC(786) Pause Full (Allocation Failure) 512M->512M(539M) 411.918ms
[2026-10-02T08:22:36.660+0000][316.926s][11677] GC(787) Pause Full (Allocation Failure) 512M->512M(540M) 455.772ms
[2026-10-02T08:22:37.027+0000][317.293s][11677] GC(788) Pause Full (Allocation Failure) 512M->512M(539M) 364.886ms
[2026-10-02T08:22:37.386+0000][317.652s][11677] GC(789) Pause Full (Diagnostic Command) 512M->512M(539M) 358.730ms
[2026-10-02T08:22:37.807+0000][318.073s][11677] GC(790) Pause Full (Allocation Failure) 512M->512M(540M) 418.330ms
[2026-10-02T08:22:38.225+0000][318.491s][11677] GC(791) Pause Full (Allocation Failure) 512M->512M(539M) 416.848ms
[2026-10-02T08:22:38.603+0000][318.870s][11677] GC(792) Pause Full (Allocation Failure) 512M->512M(540M) 377.292ms
[2026-10-02T08:22:38.963+0000][319.229s][11677] GC(793) Pause Full (Allocation Failure) 512M->512M(539M) 358.034ms
[2026-10-02T08:22:39.323+0000][319.589s][11677] GC(794) Pause Full (Allocation Failure) 512M->512M(540M) 357.544ms
[2026-10-02T08:22:39.683+0000][319.949s][11677] GC(795) Pause Full (Allocation Failure) 512M->512M(539M) 358.467ms
[2026-10-02T08:22:40.094+0000][320.360s][11677] GC(796) Pause Full (Allocation Failure) 512M->512M(540M) 409.258ms
[2026-10-02T08:22:40.460+0000][320.726s][11677] GC(797) Pause Full (Allocation Failure) 512M->512M(539M) 364.904ms
[2026-10-02T08:22:40.834+0000][321.101s][11677] GC(798) Pause Full (Allocation Failure) 512M->512M(540M) 371.633ms
[2026-10-02T08:22:41.195+0000][321.461s][11677] GC(799) Pause Full (Allocation Failure) 512M->512M(539M) 359.091ms
[2026-10-02T08:22:41.556+0000][321.822s][11677] GC(800) Pause Full (Allocation Failure) 512M->512M(540M) 359.758ms
[2026-10-02T08:22:41.915+0000][322.181s][11677] GC(801) Pause Full (Allocation Failure) 512M->512M(539M) 358.421ms
[2026-10-02T08:22:42.276+0000][322.542s][11677] GC(802) Pause Full (Allocation Failure) 512M->512M(540M) 360.813ms
[2026-10-02T08:22:42.700+0000][322.966s][11677] GC(803) Pause Full (Allocation Failure) 512M->512M(539M) 422.604ms
[2026-10-02T08:22:43.109+0000][323.375s][11677] GC(804) Pause Full (Allocation Failure) 512M->512M(540M) 406.410ms
[2026-10-02T08:22:43.543+0000][323.809s][11677] GC(805) Pause Full (Allocation Failure) 512M->512M(539M) 431.108ms
[2026-10-02T08:22:43.900+0000][324.166s][11677] GC(806) Pause Full (Diagnostic Command) 512M->512M(539M) 356.473ms
[2026-10-02T08:22:44.322+0000][324.588s][11677] GC(807) Pause Full (Allocation Failure) 512M->512M(540M) 413.889ms
[2026-10-02T08:22:44.748+0000][325.015s][11677] GC(808) Pause Full (Allocation Failure) 512M->512M(539M) 423.871ms
[2026-10-02T08:22:45.163+0000][325.429s][11677] GC(809) Pause Full (Allocation Failure) 512M->512M(540M) 412.224ms
[2026-10-02T08:22:45.575+0000][325.841s][11677] GC(810) Pause Full (Allocation Failure) 512M->512M(539M) 409.602ms
[2026-10-02T08:22:45.942+0000][326.209s][11677] GC(811) Pause Full (Allocation Failure) 512M->512M(540M) 366.348ms
[2026-10-02T08:22:46.304+0000][326.570s][11677] GC(812) Pause Full (Allocation Failure) 512M->512M(539M) 359.566ms
[2026-10-02T08:22:46.663+0000][326.929s][11677] GC(813) Pause Full (Allocation Failure) 512M->512M(540M) 357.918ms
[2026-10-02T08:22:47.041+0000][327.308s][11677] GC(814) Pause Full (Allocation Failure) 512M->512M(539M) 377.447ms
[2026-10-02T08:22:47.402+0000][327.668s][11677] GC(815) Pause Full (Allocation Failure) 512M->512M(540M) 358.783ms
[2026-10-02T08:22:47.760+0000][328.026s][11677] GC(816) Pause Full (Allocation Failure) 512M->512M(539M) 357.076ms
[2026-10-02T08:22:48.120+0000][328.386s][11677] GC(817) Pause Full (Allocation Failure) 512M->512M(540M) 358.567ms
[2026-10-02T08:22:48.479+0000][328.745s][11677] GC(818) Pause Full (Allocation Failure) 512M->512M(539M) 357.598ms
[2026-10-02T08:22:48.841+0000][329.107s][11677] GC(819) Pause Full (Allocation Failure) 512M->512M(540M) 361.060ms
[2026-10-02T08:22:49.304+0000][329.571s][11677] GC(820) Pause Full (Allocation Failure) 512M->512M(539M) 462.445ms
[2026-10-02T08:22:49.672+0000][329.938s][11677] GC(821) Pause Full (Allocation Failure) 512M->512M(540M) 366.018ms
[2026-10-02T08:22:50.030+0000][330.296s][11677] GC(822) Pause Full (Diagnostic Command) 512M->512M(540M) 357.257ms
[2026-10-02T08:22:50.392+0000][330.658s][11677] GC(823) Pause Full (Allocation Failure) 512M->512M(539M) 360.988ms
[2026-10-02T08:22:50.750+0000][331.016s][11677] GC(824) Pause Full (Allocation Failure) 512M->512M(540M) 356.264ms
[2026-10-02T08:22:51.119+0000][331.385s][11677] GC(825) Pause Full (Allocation Failure) 512M->512M(539M) 368.127ms
[2026-10-02T08:22:51.476+0000][331.743s][11677] GC(826) Pause Full (Allocation Failure) 512M->512M(540M) 356.969ms
[2026-10-02T08:22:51.834+0000][332.101s][11677] GC(827) Pause Full (Allocation Failure) 512M->512M(539M) 357.198ms
[2026-10-02T08:22:52.194+0000][332.460s][11677] GC(828) Pause Full (Allocation Failure) 512M->512M(540M) 358.687ms
[2026-10-02T08:22:52.553+0000][332.819s][11677] GC(829) Pause Full (Allocation Failure) 512M->512M(539M) 357.912ms
[2026-10-02T08:22:52.911+0000][333.178s][11677] GC(830) Pause Full (Allocation Failure) 512M->512M(540M) 357.536ms
[2026-10-02T08:22:53.287+0000][333.553s][11677] GC(831) Pause Full (Allocation Failure) 512M->512M(539M) 374.524ms
[2026-10-02T08:22:53.644+0000][333.910s][11677] GC(832) Pause Full (Allocation Failure) 512M->512M(540M) 356.186ms
[2026-10-02T08:22:54.007+0000][334.273s][11677] GC(833) Pause Full (Allocation Failure) 512M->512M(539M) 362.283ms
[2026-10-02T08:22:54.367+0000][334.634s][11677] GC(834) Pause Full (Allocation Failure) 512M->512M(540M) 359.348ms
[2026-10-02T08:22:54.727+0000][334.993s][11677] GC(835) Pause Full (Allocation Failure) 512M->512M(539M) 358.964ms
[2026-10-02T08:22:55.172+0000][335.438s][11677] GC(836) Pause Full (Allocation Failure) 512M->512M(540M) 442.502ms
[2026-10-02T08:22:55.594+0000][335.860s][11677] GC(837) Pause Full (Allocation Failure) 512M->512M(539M) 419.324ms
[2026-10-02T08:22:55.960+0000][336.226s][11677] GC(838) Pause Full (Allocation Failure) 512M->512M(540M) 365.502ms
[2026-10-02T08:22:56.326+0000][336.592s][11677] GC(839) Pause Full (Diagnostic Command) 512M->512M(540M) 365.039ms
[2026-10-02T08:22:56.689+0000][336.955s][11677] GC(840) Pause Full (Allocation Failure) 512M->512M(539M) 359.347ms
[2026-10-02T08:22:57.048+0000][337.314s][11677] GC(841) Pause Full (Allocation Failure) 512M->512M(540M) 358.186ms
[2026-10-02T08:22:57.423+0000][337.689s][11677] GC(842) Pause Full (Allocation Failure) 512M->512M(539M) 373.965ms
[2026-10-02T08:22:57.781+0000][338.047s][11677] GC(843) Pause Full (Allocation Failure) 512M->512M(540M) 356.687ms
[2026-10-02T08:22:58.141+0000][338.407s][11677] GC(844) Pause Full (Allocation Failure) 512M->512M(539M) 358.676ms
[2026-10-02T08:22:58.556+0000][338.822s][11677] GC(845) Pause Full (Allocation Failure) 512M->512M(540M) 413.056ms
[2026-10-02T08:22:58.971+0000][339.237s][11677] GC(846) Pause Full (Allocation Failure) 512M->512M(539M) 413.036ms
[2026-10-02T08:22:59.400+0000][339.666s][11677] GC(847) Pause Full (Allocation Failure) 512M->512M(540M) 427.004ms
[2026-10-02T08:22:59.816+0000][340.083s][11677] GC(848) Pause Full (Allocation Failure) 512M->512M(539M) 415.061ms
[2026-10-02T08:23:00.234+0000][340.500s][11677] GC(849) Pause Full (Allocation Failure) 512M->512M(540M) 416.005ms
[2026-10-02T08:23:00.601+0000][340.867s][11677] GC(850) Pause Full (Allocation Failure) 512M->512M(539M) 365.213ms
[2026-10-02T08:23:00.964+0000][341.230s][11677] GC(851) Pause Full (Allocation Failure) 512M->512M(540M) 361.790ms
[2026-10-02T08:23:01.403+0000][341.669s][11677] GC(852) Pause Full (Allocation Failure) 512M->512M(539M) 437.082ms
[2026-10-02T08:23:01.843+0000][342.110s][11677] GC(853) Pause Full (Allocation Failure) 512M->512M(540M) 438.679ms
[2026-10-02T08:23:02.209+0000][342.475s][11677] GC(854) Pause Full (Allocation Failure) 512M->512M(539M) 363.430ms
[2026-10-02T08:23:02.567+0000][342.833s][11677] GC(855) Pause Full (Diagnostic Command) 512M->512M(539M) 357.486ms
[2026-10-02T08:23:02.982+0000][343.248s][11677] GC(856) Pause Full (Allocation Failure) 512M->512M(540M) 412.755ms
[2026-10-02T08:23:03.397+0000][343.663s][11677] GC(857) Pause Full (Allocation Failure) 512M->512M(539M) 412.838ms
[2026-10-02T08:23:03.775+0000][344.041s][11677] GC(858) Pause Full (Allocation Failure) 512M->512M(540M) 376.241ms
[2026-10-02T08:23:04.138+0000][344.404s][11677] GC(859) Pause Full (Allocation Failure) 512M->512M(539M) 361.544ms
[2026-10-02T08:23:04.552+0000][344.819s][11677] GC(860) Pause Full (Allocation Failure) 512M->512M(540M) 412.668ms
[2026-10-02T08:23:04.961+0000][345.227s][11677] GC(861) Pause Full (Allocation Failure) 512M->512M(539M) 406.515ms
[2026-10-02T08:23:05.366+0000][345.632s][11677] GC(862) Pause Full (Allocation Failure) 512M->512M(540M) 403.383ms
[2026-10-02T08:23:05.748+0000][346.014s][11677] GC(863) Pause Full (Allocation Failure) 512M->512M(539M) 379.998ms
[2026-10-02T08:23:06.108+0000][346.374s][11677] GC(864) Pause Full (Allocation Failure) 512M->512M(540M) 358.561ms
[2026-10-02T08:23:06.469+0000][346.736s][11677] GC(865) Pause Full (Allocation Failure) 512M->512M(539M) 359.630ms
[2026-10-02T08:23:06.833+0000][347.099s][11677] GC(866) Pause Full (Allocation Failure) 512M->512M(540M) 362.199ms
[2026-10-02T08:23:07.242+0000][347.508s][11677] GC(867) Pause Full (Allocation Failure) 512M->512M(539M) 406.831ms
[2026-10-02T08:23:07.688+0000][347.954s][11677] GC(868) Pause Full (Allocation Failure) 512M->512M(540M) 444.200ms
[2026-10-02T08:23:08.160+0000][348.426s][11677] GC(869) Pause Full (Allocation Failure) 512M->512M(539M) 469.592ms
[2026-10-02T08:23:08.581+0000][348.847s][11677] GC(870) Pause Full (Allocation Failure) 512M->512M(540M) 418.749ms
[2026-10-02T08:23:08.945+0000][349.212s][11677] GC(871) Pause Full (Diagnostic Command) 512M->512M(540M) 363.894ms
[2026-10-02T08:23:09.365+0000][349.632s][11677] GC(872) Pause Full (Allocation Failure) 512M->512M(539M) 418.122ms
[2026-10-02T08:23:09.739+0000][350.005s][11677] GC(873) Pause Full (Allocation Failure) 512M->512M(540M) 372.482ms
[2026-10-02T08:23:10.102+0000][350.368s][11677] GC(874) Pause Full (Allocation Failure) 512M->512M(539M) 361.603ms
[2026-10-02T08:23:10.467+0000][350.733s][11677] GC(875) Pause Full (Allocation Failure) 512M->512M(540M) 363.832ms
[2026-10-02T08:23:10.827+0000][351.093s][11677] GC(876) Pause Full (Allocation Failure) 512M->512M(539M) 359.467ms
[2026-10-02T08:23:11.189+0000][351.455s][11677] GC(877) Pause Full (Allocation Failure) 512M->512M(540M) 360.809ms
[2026-10-02T08:23:11.553+0000][351.819s][11677] GC(878) Pause Full (Allocation Failure) 512M->512M(539M) 362.685ms
[2026-10-02T08:23:11.978+0000][352.244s][11677] GC(879) Pause Full (Allocation Failure) 512M->512M(540M) 422.985ms
[2026-10-02T08:23:12.393+0000][352.659s][11677] GC(880) Pause Full (Allocation Failure) 512M->512M(539M) 412.966ms
[2026-10-02T08:23:12.755+0000][353.021s][11677] GC(881) Pause Full (Allocation Failure) 512M->512M(540M) 361.121ms
[2026-10-02T08:23:13.121+0000][353.387s][11677] GC(882) Pause Full (Allocation Failure) 512M->512M(539M) 364.668ms
[2026-10-02T08:23:13.483+0000][353.749s][11677] GC(883) Pause Full (Allocation Failure) 512M->512M(540M) 360.392ms
[2026-10-02T08:23:13.937+0000][354.203s][11677] GC(884) Pause Full (Allocation Failure) 512M->512M(539M) 452.295ms
[2026-10-02T08:23:14.346+0000][354.612s][11677] GC(885) Pause Full (Allocation Failure) 512M->512M(540M) 405.367ms
[2026-10-02T08:23:14.720+0000][354.986s][11677] GC(886) Pause Full (Allocation Failure) 512M->512M(539M) 372.974ms
[2026-10-02T08:23:15.084+0000][355.350s][11677] GC(887) Pause Full (Diagnostic Command) 512M->512M(539M) 363.325ms
[2026-10-02T08:23:15.448+0000][355.715s][11677] GC(888) Pause Full (Allocation Failure) 512M->512M(540M) 362.701ms
[2026-10-02T08:23:15.810+0000][356.077s][11677] GC(889) Pause Full (Allocation Failure) 512M->512M(539M) 361.110ms
[2026-10-02T08:23:16.189+0000][356.455s][11677] GC(890) Pause Full (Allocation Failure) 512M->512M(540M) 377.529ms
[2026-10-02T08:23:16.605+0000][356.872s][11677] GC(891) Pause Full (Allocation Failure) 512M->512M(539M) 414.701ms
[2026-10-02T08:23:16.970+0000][357.236s][11677] GC(892) Pause Full (Allocation Failure) 512M->512M(540M) 363.791ms
[2026-10-02T08:23:17.333+0000][357.600s][11677] GC(893) Pause Full (Allocation Failure) 512M->512M(539M) 363.284ms
[2026-10-02T08:23:17.694+0000][357.961s][11677] GC(894) Pause Full (Allocation Failure) 512M->512M(540M) 360.330ms
[2026-10-02T08:23:18.074+0000][358.341s][11677] GC(895) Pause Full (Allocation Failure) 512M->512M(539M) 379.424ms
[2026-10-02T08:23:18.441+0000][358.708s][11677] GC(896) Pause Full (Allocation Failure) 512M->512M(540M) 366.281ms
[2026-10-02T08:23:18.801+0000][359.068s][11677] GC(897) Pause Full (Allocation Failure) 512M->512M(539M) 359.449ms
[2026-10-02T08:23:19.163+0000][359.429s][11677] GC(898) Pause Full (Allocation Failure) 512M->512M(540M) 361.231ms
[2026-10-02T08:23:19.525+0000][359.791s][11677] GC(899) Pause Full (Allocation Failure) 512M->512M(539M) 360.942ms
[2026-10-02T08:23:19.886+0000][360.152s][11677] GC(900) Pause Full (Allocation Failure) 512M->512M(540M) 360.439ms
[2026-10-02T08:23:20.333+0000][360.599s][11677] GC(901) Pause Full (Allocation Failure) 512M->512M(539M) 446.192ms
[2026-10-02T08:23:20.707+0000][360.974s][11677] GC(902) Pause Full (Allocation Failure) 512M->512M(540M) 373.441ms
[2026-10-02T08:23:21.077+0000][361.343s][11677] GC(903) Pause Full (Allocation Failure) 512M->512M(539M) 368.438ms
[2026-10-02T08:23:21.439+0000][361.705s][11677] GC(904) Pause Full (Allocation Failure) 512M->512M(540M) 361.170ms
[2026-10-02T08:23:21.801+0000][362.067s][11677] GC(905) Pause Full (Diagnostic Command) 512M->512M(540M) 361.619ms
[2026-10-02T08:23:22.174+0000][362.440s][11677] GC(906) Pause Full (Allocation Failure) 512M->512M(539M) 372.481ms
[2026-10-02T08:23:22.544+0000][362.810s][11677] GC(907) Pause Full (Allocation Failure) 512M->512M(540M) 368.737ms
[2026-10-02T08:23:22.904+0000][363.170s][11677] GC(908) Pause Full (Allocation Failure) 512M->512M(539M) 359.346ms
[2026-10-02T08:23:23.263+0000][363.529s][11677] GC(909) Pause Full (Allocation Failure) 512M->512M(540M) 358.838ms
[2026-10-02T08:23:23.625+0000][363.892s][11677] GC(910) Pause Full (Allocation Failure) 512M->512M(539M) 361.681ms
[2026-10-02T08:23:23.987+0000][364.253s][11677] GC(911) Pause Full (Allocation Failure) 512M->512M(540M) 360.840ms
[2026-10-02T08:23:24.363+0000][364.629s][11677] GC(912) Pause Full (Allocation Failure) 512M->512M(539M) 375.411ms
[2026-10-02T08:23:24.724+0000][364.990s][11677] GC(913) Pause Full (Allocation Failure) 512M->512M(540M) 360.281ms
[2026-10-02T08:23:25.086+0000][365.352s][11677] GC(914) Pause Full (Allocation Failure) 512M->512M(539M) 361.920ms
[2026-10-02T08:23:25.449+0000][365.715s][11677] GC(915) Pause Full (Allocation Failure) 512M->512M(540M) 361.821ms
[2026-10-02T08:23:25.838+0000][366.104s][11677] GC(916) Pause Full (Allocation Failure) 512M->512M(539M) 388.021ms
[2026-10-02T08:23:26.204+0000][366.471s][11677] GC(917) Pause Full (Allocation Failure) 512M->512M(540M) 365.596ms
[2026-10-02T08:23:26.664+0000][366.931s][11677] GC(918) Pause Full (Allocation Failure) 512M->512M(539M) 459.269ms
[2026-10-02T08:23:27.031+0000][367.297s][11677] GC(919) Pause Full (Allocation Failure) 512M->512M(540M) 365.429ms
[2026-10-02T08:23:27.392+0000][367.658s][11677] GC(920) Pause Full (Diagnostic Command) 512M->512M(540M) 360.707ms
[2026-10-02T08:23:27.756+0000][368.022s][11677] GC(921) Pause Full (Allocation Failure) 512M->512M(539M) 362.666ms
[2026-10-02T08:23:28.119+0000][368.386s][11677] GC(922) Pause Full (Allocation Failure) 512M->512M(540M) 362.552ms
[2026-10-02T08:23:28.544+0000][368.810s][11677] GC(923) Pause Full (Allocation Failure) 512M->512M(539M) 422.902ms
[2026-10-02T08:23:28.906+0000][369.172s][11677] GC(924) Pause Full (Allocation Failure) 512M->512M(540M) 361.099ms
[2026-10-02T08:23:29.271+0000][369.538s][11677] GC(925) Pause Full (Allocation Failure) 512M->512M(539M) 363.332ms
[2026-10-02T08:23:29.689+0000][369.956s][11677] GC(926) Pause Full (Allocation Failure) 512M->512M(540M) 416.723ms
[2026-10-02T08:23:30.051+0000][370.317s][11677] GC(927) Pause Full (Allocation Failure) 512M->512M(539M) 360.348ms
[2026-10-02T08:23:30.416+0000][370.682s][11677] GC(928) Pause Full (Allocation Failure) 512M->512M(540M) 363.914ms
[2026-10-02T08:23:30.839+0000][371.105s][11677] GC(929) Pause Full (Allocation Failure) 512M->512M(539M) 422.200ms
[2026-10-02T08:23:31.203+0000][371.469s][11677] GC(930) Pause Full (Allocation Failure) 512M->512M(540M) 362.966ms
[2026-10-02T08:23:31.619+0000][371.885s][11677] GC(931) Pause Full (Allocation Failure) 512M->512M(539M) 414.937ms
[2026-10-02T08:23:31.983+0000][372.249s][11677] GC(932) Pause Full (Allocation Failure) 512M->512M(540M) 362.983ms
[2026-10-02T08:23:32.349+0000][372.615s][11677] GC(933) Pause Full (Allocation Failure) 512M->512M(539M) 364.770ms
[2026-10-02T08:23:32.763+0000][373.029s][11677] GC(934) Pause Full (Allocation Failure) 512M->512M(540M) 413.074ms
[2026-10-02T08:23:33.184+0000][373.451s][11677] GC(935) Pause Full (Allocation Failure) 512M->512M(539M) 420.714ms
[2026-10-02T08:23:33.550+0000][373.816s][11677] GC(936) Pause Full (Allocation Failure) 512M->512M(540M) 364.427ms
[2026-10-02T08:23:33.910+0000][374.177s][11677] GC(937) Pause Full (Diagnostic Command) 512M->512M(540M) 360.018ms
[2026-10-02T08:23:34.319+0000][374.585s][11677] GC(938) Pause Full (Allocation Failure) 512M->512M(539M) 405.837ms
[2026-10-02T08:23:34.682+0000][374.948s][11677] GC(939) Pause Full (Allocation Failure) 512M->512M(540M) 361.739ms
[2026-10-02T08:23:35.060+0000][375.327s][11677] GC(940) Pause Full (Allocation Failure) 512M->512M(539M) 377.925ms
[2026-10-02T08:23:35.424+0000][375.690s][11677] GC(941) Pause Full (Allocation Failure) 512M->512M(540M) 362.409ms
[2026-10-02T08:23:35.787+0000][376.053s][11677] GC(942) Pause Full (Allocation Failure) 512M->512M(539M) 362.069ms
[2026-10-02T08:23:36.152+0000][376.418s][11677] GC(943) Pause Full (Allocation Failure) 512M->512M(540M) 363.857ms
[2026-10-02T08:23:36.557+0000][376.823s][11677] GC(944) Pause Full (Allocation Failure) 512M->512M(539M) 402.764ms
[2026-10-02T08:23:36.938+0000][377.204s][11677] GC(945) Pause Full (Allocation Failure) 512M->512M(540M) 379.782ms
[2026-10-02T08:23:37.346+0000][377.612s][11677] GC(946) Pause Full (Allocation Failure) 512M->512M(539M) 393.398ms
[2026-10-02T08:23:37.748+0000][378.014s][11677] GC(947) Pause Full (Allocation Failure) 512M->512M(540M) 386.250ms
[2026-10-02T08:23:38.122+0000][378.389s][11677] GC(948) Pause Full (Allocation Failure) 512M->512M(539M) 362.337ms
[2026-10-02T08:23:38.503+0000][378.769s][11677] GC(949) Pause Full (Allocation Failure) 512M->512M(540M) 366.607ms
[2026-10-02T08:23:38.978+0000][379.244s][11677] GC(950) Pause Full (Allocation Failure) 512M->512M(539M) 467.773ms
[2026-10-02T08:23:39.411+0000][379.677s][11677] GC(951) Pause Full (Allocation Failure) 512M->512M(540M) 407.667ms
[2026-10-02T08:23:39.782+0000][380.048s][11677] GC(952) Pause Full (Diagnostic Command) 512M->512M(540M) 362.989ms
[2026-10-02T08:23:40.224+0000][380.490s][11677] GC(953) Pause Full (Allocation Failure) 512M->512M(539M) 429.288ms
[2026-10-02T08:23:40.598+0000][380.864s][11677] GC(954) Pause Full (Allocation Failure) 512M->512M(540M) 363.396ms
[2026-10-02T08:23:40.969+0000][381.236s][11677] GC(955) Pause Full (Allocation Failure) 512M->512M(539M) 362.644ms
[2026-10-02T08:23:41.361+0000][381.627s][11677] GC(956) Pause Full (Allocation Failure) 512M->512M(540M) 377.506ms
[2026-10-02T08:23:41.829+0000][382.095s][11677] GC(957) Pause Full (Allocation Failure) 512M->512M(539M) 465.910ms
[2026-10-02T08:23:42.244+0000][382.511s][11677] GC(958) Pause Full (Allocation Failure) 512M->512M(540M) 410.138ms
[2026-10-02T08:23:42.703+0000][382.969s][11677] GC(959) Pause Full (Allocation Failure) 512M->512M(539M) 450.735ms
[2026-10-02T08:23:43.115+0000][383.381s][11677] GC(960) Pause Full (Allocation Failure) 512M->512M(540M) 409.379ms
[2026-10-02T08:23:43.518+0000][383.784s][11677] GC(961) Pause Full (Allocation Failure) 512M->512M(539M) 401.231ms
[2026-10-02T08:23:43.920+0000][384.186s][11677] GC(962) Pause Full (Allocation Failure) 512M->512M(540M) 400.576ms
[2026-10-02T08:23:44.322+0000][384.589s][11677] GC(963) Pause Full (Allocation Failure) 512M->512M(539M) 400.305ms
[2026-10-02T08:23:44.685+0000][384.951s][11677] GC(964) Pause Full (Allocation Failure) 512M->512M(540M) 360.660ms
[2026-10-02T08:23:45.048+0000][385.314s][11677] GC(965) Pause Full (Allocation Failure) 512M->512M(539M) 360.549ms
[2026-10-02T08:23:45.616+0000][385.883s][11677] GC(966) Pause Full (Allocation Failure) 512M->512M(540M) 564.041ms
[2026-10-02T08:23:45.984+0000][386.250s][11677] GC(967) Pause Full (Allocation Failure) 512M->512M(539M) 362.597ms
[2026-10-02T08:23:46.346+0000][386.613s][11677] GC(968) Pause Full (Diagnostic Command) 512M->512M(539M) 361.977ms
[2026-10-02T08:23:46.715+0000][386.981s][11677] GC(969) Pause Full (Allocation Failure) 512M->512M(540M) 366.444ms
[2026-10-02T08:23:47.085+0000][387.351s][11677] GC(970) Pause Full (Allocation Failure) 512M->512M(539M) 366.736ms
[2026-10-02T08:23:47.468+0000][387.735s][11677] GC(971) Pause Full (Allocation Failure) 512M->512M(540M) 380.260ms
[2026-10-02T08:23:47.834+0000][388.100s][11677] GC(972) Pause Full (Allocation Failure) 512M->512M(539M) 362.880ms
[2026-10-02T08:23:48.294+0000][388.560s][11677] GC(973) Pause Full (Allocation Failure) 512M->512M(540M) 456.782ms
[2026-10-02T08:23:48.750+0000][389.016s][11677] GC(974) Pause Full (Allocation Failure) 512M->512M(539M) 452.370ms
[2026-10-02T08:23:49.204+0000][389.470s][11677] GC(975) Pause Full (Allocation Failure) 512M->512M(540M) 448.590ms
[2026-10-02T08:23:49.673+0000][389.939s][11677] GC(976) Pause Full (Allocation Failure) 512M->512M(539M) 465.836ms
[2026-10-02T08:23:50.043+0000][390.309s][11677] GC(977) Pause Full (Allocation Failure) 512M->512M(540M) 365.678ms
[2026-10-02T08:23:50.419+0000][390.685s][11677] GC(978) Pause Full (Allocation Failure) 512M->512M(539M) 371.822ms
[2026-10-02T08:23:50.868+0000][391.134s][11677] GC(979) Pause Full (Allocation Failure) 512M->512M(540M) 446.033ms
[2026-10-02T08:23:51.317+0000][391.584s][11677] GC(980) Pause Full (Allocation Failure) 512M->512M(539M) 446.808ms
[2026-10-02T08:23:51.780+0000][392.046s][11677] GC(981) Pause Full (Allocation Failure) 512M->512M(540M) 459.537ms
[2026-10-02T08:23:52.230+0000][392.496s][11677] GC(982) Pause Full (Allocation Failure) 512M->512M(539M) 446.325ms
[2026-10-02T08:23:52.593+0000][392.859s][11677] GC(983) Pause Full (Diagnostic Command) 512M->512M(539M) 362.597ms
[2026-10-02T08:23:53.046+0000][393.312s][11677] GC(984) Pause Full (Allocation Failure) 512M->512M(540M) 449.980ms
[2026-10-02T08:23:53.492+0000][393.758s][11677] GC(985) Pause Full (Allocation Failure) 512M->512M(539M) 443.700ms
[2026-10-02T08:23:53.877+0000][394.143s][11677] GC(986) Pause Full (Allocation Failure) 512M->512M(540M) 382.328ms
[2026-10-02T08:23:54.327+0000][394.594s][11677] GC(987) Pause Full (Allocation Failure) 512M->512M(539M) 446.301ms
[2026-10-02T08:23:54.775+0000][395.042s][11677] GC(988) Pause Full (Allocation Failure) 512M->512M(540M) 445.311ms
[2026-10-02T08:23:55.219+0000][395.485s][11677] GC(989) Pause Full (Allocation Failure) 512M->512M(539M) 441.273ms
[2026-10-02T08:23:55.679+0000][395.946s][11677] GC(990) Pause Full (Allocation Failure) 512M->512M(540M) 457.561ms
[2026-10-02T08:23:56.122+0000][396.388s][11677] GC(991) Pause Full (Allocation Failure) 512M->512M(539M) 439.755ms
[2026-10-02T08:23:56.564+0000][396.830s][11677] GC(992) Pause Full (Allocation Failure) 512M->512M(540M) 438.592ms
[2026-10-02T08:23:56.932+0000][397.198s][11677] GC(993) Pause Full (Allocation Failure) 512M->512M(539M) 364.644ms
[2026-10-02T08:23:57.372+0000][397.639s][11677] GC(994) Pause Full (Allocation Failure) 512M->512M(540M) 437.399ms
[2026-10-02T08:23:57.873+0000][398.140s][11677] GC(995) Pause Full (Allocation Failure) 512M->512M(539M) 497.479ms
[2026-10-02T08:23:58.341+0000][398.607s][11677] GC(996) Pause Full (Allocation Failure) 512M->512M(540M) 465.178ms
[2026-10-02T08:23:58.784+0000][399.050s][11677] GC(997) Pause Full (Allocation Failure) 512M->512M(539M) 440.203ms
[2026-10-02T08:23:59.150+0000][399.416s][11677] GC(998) Pause Full (Diagnostic Command) 512M->512M(539M) 365.472ms
[2026-10-02T08:23:59.587+0000][399.853s][11677] GC(999) Pause Full (Allocation Failure) 512M->512M(540M) 433.125ms
[2026-10-02T08:24:00.043+0000][400.310s][11677] GC(1000) Pause Full (Allocation Failure) 512M->512M(539M) 453.834ms
[2026-10-02T08:24:00.486+0000][400.753s][11677] GC(1001) Pause Full (Allocation Failure) 512M->512M(540M) 440.468ms
[2026-10-02T08:24:00.850+0000][401.116s][11677] GC(1002) Pause Full (Allocation Failure) 512M->512M(539M) 362.115ms
[2026-10-02T08:24:01.278+0000][401.545s][11677] GC(1003) Pause Full (Allocation Failure) 512M->512M(540M) 426.427ms
[2026-10-02T08:24:01.717+0000][401.983s][11677] GC(1004) Pause Full (Allocation Failure) 512M->512M(539M) 436.154ms
[2026-10-02T08:24:02.167+0000][402.433s][11677] GC(1005) Pause Full (Allocation Failure) 512M->512M(540M) 446.725ms
[2026-10-02T08:24:02.532+0000][402.798s][11677] GC(1006) Pause Full (Allocation Failure) 512M->512M(539M) 363.049ms
[2026-10-02T08:24:02.964+0000][403.230s][11677] GC(1007) Pause Full (Allocation Failure) 512M->512M(540M) 429.256ms
[2026-10-02T08:24:03.327+0000][403.593s][11677] GC(1008) Pause Full (Allocation Failure) 512M->512M(539M) 361.320ms
[2026-10-02T08:24:03.690+0000][403.957s][11677] GC(1009) Pause Full (Allocation Failure) 512M->512M(540M) 361.592ms
[2026-10-02T08:24:04.114+0000][404.380s][11677] GC(1010) Pause Full (Allocation Failure) 512M->512M(539M) 421.267ms
[2026-10-02T08:24:04.593+0000][404.859s][11677] GC(1011) Pause Full (Allocation Failure) 512M->512M(540M) 475.896ms
[2026-10-02T08:24:04.967+0000][405.233s][11677] GC(1012) Pause Full (Allocation Failure) 512M->512M(539M) 369.706ms
[2026-10-02T08:24:05.331+0000][405.597s][11677] GC(1013) Pause Full (Diagnostic Command) 512M->512M(539M) 364.042ms
[2026-10-02T08:24:05.763+0000][406.029s][11677] GC(1014) Pause Full (Allocation Failure) 512M->512M(540M) 428.525ms
[2026-10-02T08:24:06.141+0000][406.408s][11677] GC(1015) Pause Full (Allocation Failure) 512M->512M(539M) 375.451ms
[2026-10-02T08:24:06.507+0000][406.773s][11677] GC(1016) Pause Full (Allocation Failure) 512M->512M(540M) 362.995ms
[2026-10-02T08:24:06.932+0000][407.199s][11677] GC(1017) Pause Full (Allocation Failure) 512M->512M(539M) 423.112ms
[2026-10-02T08:24:07.297+0000][407.563s][11677] GC(1018) Pause Full (Allocation Failure) 512M->512M(540M) 363.161ms
[2026-10-02T08:24:07.660+0000][407.926s][11677] GC(1019) Pause Full (Allocation Failure) 512M->512M(539M) 360.677ms
[2026-10-02T08:24:08.079+0000][408.346s][11677] GC(1020) Pause Full (Allocation Failure) 512M->512M(540M) 416.911ms
[2026-10-02T08:24:08.518+0000][408.784s][11677] GC(1021) Pause Full (Allocation Failure) 512M->512M(539M) 436.557ms
[2026-10-02T08:24:08.939+0000][409.205s][11677] GC(1022) Pause Full (Allocation Failure) 512M->512M(540M) 418.332ms
[2026-10-02T08:24:09.359+0000][409.625s][11677] GC(1023) Pause Full (Allocation Failure) 512M->512M(539M) 417.325ms
[2026-10-02T08:24:09.787+0000][410.053s][11677] GC(1024) Pause Full (Allocation Failure) 512M->512M(540M) 426.426ms
[2026-10-02T08:24:10.210+0000][410.476s][11677] GC(1025) Pause Full (Allocation Failure) 512M->512M(539M) 420.798ms
[2026-10-02T08:24:10.674+0000][410.940s][11677] GC(1026) Pause Full (Allocation Failure) 512M->512M(540M) 462.248ms
[2026-10-02T08:24:11.042+0000][411.309s][11677] GC(1027) Pause Full (Allocation Failure) 512M->512M(539M) 366.337ms
[2026-10-02T08:24:11.402+0000][411.669s][11677] GC(1028) Pause Full (Diagnostic Command) 512M->512M(539M) 359.794ms
[2026-10-02T08:24:11.766+0000][412.032s][11677] GC(1029) Pause Full (Allocation Failure) 512M->512M(540M) 361.013ms
[2026-10-02T08:24:12.129+0000][412.395s][11677] GC(1030) Pause Full (Allocation Failure) 512M->512M(539M) 360.474ms
[2026-10-02T08:24:12.514+0000][412.780s][11677] GC(1031) Pause Full (Allocation Failure) 512M->512M(540M) 381.971ms
[2026-10-02T08:24:12.880+0000][413.146s][11677] GC(1032) Pause Full (Allocation Failure) 512M->512M(539M) 361.757ms
[2026-10-02T08:24:13.243+0000][413.509s][11677] GC(1033) Pause Full (Allocation Failure) 512M->512M(540M) 359.414ms
[2026-10-02T08:24:13.607+0000][413.873s][11677] GC(1034) Pause Full (Allocation Failure) 512M->512M(539M) 360.534ms
[2026-10-02T08:24:14.014+0000][414.281s][11677] GC(1035) Pause Full (Allocation Failure) 512M->512M(540M) 405.745ms
[2026-10-02T08:24:14.378+0000][414.644s][11677] GC(1036) Pause Full (Allocation Failure) 512M->512M(539M) 361.544ms
[2026-10-02T08:24:14.759+0000][415.025s][11677] GC(1037) Pause Full (Allocation Failure) 512M->512M(540M) 378.593ms
[2026-10-02T08:24:15.119+0000][415.385s][11677] GC(1038) Pause Full (Allocation Failure) 512M->512M(539M) 359.404ms
[2026-10-02T08:24:15.479+0000][415.745s][11677] GC(1039) Pause Full (Allocation Failure) 512M->512M(540M) 359.328ms
[2026-10-02T08:24:15.842+0000][416.108s][11677] GC(1040) Pause Full (Allocation Failure) 512M->512M(539M) 362.874ms
[2026-10-02T08:24:16.205+0000][416.472s][11677] GC(1041) Pause Full (Allocation Failure) 512M->512M(540M) 362.626ms
[2026-10-02T08:24:16.603+0000][416.869s][11677] GC(1042) Pause Full (Allocation Failure) 512M->512M(539M) 396.924ms
[2026-10-02T08:24:17.036+0000][417.303s][11677] GC(1043) Pause Full (Allocation Failure) 512M->512M(540M) 431.256ms
[2026-10-02T08:24:17.410+0000][417.676s][11677] GC(1044) Pause Full (Allocation Failure) 512M->512M(539M) 371.770ms
[2026-10-02T08:24:17.776+0000][418.042s][11677] GC(1045) Pause Full (Diagnostic Command) 512M->512M(539M) 365.200ms
[2026-10-02T08:24:18.144+0000][418.410s][11677] GC(1046) Pause Full (Allocation Failure) 512M->512M(540M) 367.074ms
[2026-10-02T08:24:18.506+0000][418.773s][11677] GC(1047) Pause Full (Allocation Failure) 512M->512M(539M) 362.190ms
[2026-10-02T08:24:18.884+0000][419.150s][11677] GC(1048) Pause Full (Allocation Failure) 512M->512M(540M) 376.356ms
[2026-10-02T08:24:19.294+0000][419.560s][11677] GC(1049) Pause Full (Allocation Failure) 512M->512M(539M) 408.415ms
[2026-10-02T08:24:19.659+0000][419.925s][11677] GC(1050) Pause Full (Allocation Failure) 512M->512M(540M) 363.445ms
[2026-10-02T08:24:20.077+0000][420.343s][11677] GC(1051) Pause Full (Allocation Failure) 512M->512M(539M) 415.849ms
[2026-10-02T08:24:20.442+0000][420.709s][11677] GC(1052) Pause Full (Allocation Failure) 512M->512M(540M) 363.495ms
[2026-10-02T08:24:20.823+0000][421.090s][11677] GC(1053) Pause Full (Allocation Failure) 512M->512M(539M) 379.552ms
[2026-10-02T08:24:21.184+0000][421.451s][11677] GC(1054) Pause Full (Allocation Failure) 512M->512M(540M) 359.214ms
[2026-10-02T08:24:21.580+0000][421.846s][11677] GC(1055) Pause Full (Allocation Failure) 512M->512M(539M) 386.996ms
[2026-10-02T08:24:21.947+0000][422.214s][11677] GC(1056) Pause Full (Allocation Failure) 512M->512M(540M) 362.349ms
[2026-10-02T08:24:22.322+0000][422.588s][11677] GC(1057) Pause Full (Allocation Failure) 512M->512M(539M) 366.746ms
[2026-10-02T08:24:22.698+0000][422.964s][11677] GC(1058) Pause Full (Allocation Failure) 512M->512M(540M) 360.115ms
[2026-10-02T08:24:23.174+0000][423.440s][11677] GC(1059) Pause Full (Allocation Failure) 512M->512M(539M) 460.580ms
[2026-10-02T08:24:23.550+0000][423.816s][11677] GC(1060) Pause Full (Diagnostic Command) 512M->512M(539M) 365.438ms
[2026-10-02T08:24:23.924+0000][424.190s][11677] GC(1061) Pause Full (Allocation Failure) 512M->512M(540M) 360.747ms
[2026-10-02T08:24:24.296+0000][424.562s][11677] GC(1062) Pause Full (Allocation Failure) 512M->512M(539M) 360.655ms
[2026-10-02T08:24:24.667+0000][424.934s][11677] GC(1063) Pause Full (Allocation Failure) 512M->512M(540M) 361.377ms
[2026-10-02T08:24:25.048+0000][425.315s][11677] GC(1064) Pause Full (Allocation Failure) 512M->512M(539M) 375.893ms
[2026-10-02T08:24:25.416+0000][425.682s][11677] GC(1065) Pause Full (Allocation Failure) 512M->512M(540M) 359.384ms
[2026-10-02T08:24:25.813+0000][426.079s][11677] GC(1066) Pause Full (Allocation Failure) 512M->512M(539M) 390.512ms
[2026-10-02T08:24:26.183+0000][426.449s][11677] GC(1067) Pause Full (Allocation Failure) 512M->512M(540M) 360.085ms
[2026-10-02T08:24:26.551+0000][426.817s][11677] GC(1068) Pause Full (Allocation Failure) 512M->512M(539M) 363.069ms
[2026-10-02T08:24:26.918+0000][427.185s][11677] GC(1069) Pause Full (Allocation Failure) 512M->512M(540M) 362.052ms
[2026-10-02T08:24:27.301+0000][427.567s][11677] GC(1070) Pause Full (Allocation Failure) 512M->512M(539M) 379.100ms
[2026-10-02T08:24:27.665+0000][427.932s][11677] GC(1071) Pause Full (Allocation Failure) 512M->512M(540M) 360.949ms
[2026-10-02T08:24:28.039+0000][428.305s][11677] GC(1072) Pause Full (Allocation Failure) 512M->512M(539M) 363.421ms
[2026-10-02T08:24:28.405+0000][428.672s][11677] GC(1073) Pause Full (Allocation Failure) 512M->512M(540M) 362.604ms
[2026-10-02T08:24:28.768+0000][429.034s][11677] GC(1074) Pause Full (Allocation Failure) 512M->512M(539M) 360.914ms
[2026-10-02T08:24:29.181+0000][429.447s][11677] GC(1075) Pause Full (Allocation Failure) 512M->512M(540M) 412.088ms
[2026-10-02T08:24:29.599+0000][429.866s][11677] GC(1076) Pause Full (Allocation Failure) 512M->512M(539M) 417.300ms
[2026-10-02T08:24:29.971+0000][430.238s][11677] GC(1077) Pause Full (Allocation Failure) 512M->512M(540M) 371.099ms
[2026-10-02T08:24:30.335+0000][430.601s][11677] GC(1078) Pause Full (Allocation Failure) 512M->512M(539M) 363.034ms
[2026-10-02T08:24:30.696+0000][430.962s][11677] GC(1079) Pause Full (Diagnostic Command) 512M->512M(539M) 360.157ms
[2026-10-02T08:24:31.064+0000][431.330s][11677] GC(1080) Pause Full (Allocation Failure) 512M->512M(540M) 365.628ms
[2026-10-02T08:24:31.446+0000][431.712s][11677] GC(1081) Pause Full (Allocation Failure) 512M->512M(539M) 378.582ms
[2026-10-02T08:24:31.811+0000][432.077s][11677] GC(1082) Pause Full (Allocation Failure) 512M->512M(540M) 362.758ms
[2026-10-02T08:24:32.206+0000][432.472s][11677] GC(1083) Pause Full (Allocation Failure) 512M->512M(539M) 392.156ms
[2026-10-02T08:24:32.572+0000][432.839s][11677] GC(1084) Pause Full (Allocation Failure) 512M->512M(540M) 364.807ms
[2026-10-02T08:24:32.937+0000][433.203s][11677] GC(1085) Pause Full (Allocation Failure) 512M->512M(539M) 361.821ms
[2026-10-02T08:24:33.357+0000][433.623s][11677] GC(1086) Pause Full (Allocation Failure) 512M->512M(540M) 417.814ms
[2026-10-02T08:24:33.766+0000][434.032s][11677] GC(1087) Pause Full (Allocation Failure) 512M->512M(539M) 407.758ms
[2026-10-02T08:24:34.169+0000][434.435s][11677] GC(1088) Pause Full (Allocation Failure) 512M->512M(540M) 401.728ms
[2026-10-02T08:24:34.575+0000][434.842s][11677] GC(1089) Pause Full (Allocation Failure) 512M->512M(539M) 405.474ms
[2026-10-02T08:24:34.977+0000][435.243s][11677] GC(1090) Pause Full (Allocation Failure) 512M->512M(540M) 400.573ms
[2026-10-02T08:24:35.405+0000][435.671s][11677] GC(1091) Pause Full (Allocation Failure) 512M->512M(539M) 426.988ms
[2026-10-02T08:24:35.881+0000][436.147s][11677] GC(1092) Pause Full (Allocation Failure) 512M->512M(540M) 473.138ms
[2026-10-02T08:24:36.283+0000][436.550s][11677] GC(1093) Pause Full (Allocation Failure) 512M->512M(539M) 401.736ms
[2026-10-02T08:24:36.647+0000][436.913s][11677] GC(1094) Pause Full (Diagnostic Command) 512M->512M(539M) 362.930ms
[2026-10-02T08:24:37.057+0000][437.324s][11677] GC(1095) Pause Full (Allocation Failure) 512M->512M(540M) 409.867ms
[2026-10-02T08:24:37.474+0000][437.741s][11677] GC(1096) Pause Full (Allocation Failure) 512M->512M(539M) 416.624ms
[2026-10-02T08:24:37.873+0000][438.139s][11677] GC(1097) Pause Full (Allocation Failure) 512M->512M(540M) 397.546ms
[2026-10-02T08:24:38.274+0000][438.540s][11677] GC(1098) Pause Full (Allocation Failure) 512M->512M(539M) 400.508ms
[2026-10-02T08:24:38.679+0000][438.946s][11677] GC(1099) Pause Full (Allocation Failure) 512M->512M(540M) 404.947ms
[2026-10-02T08:24:39.083+0000][439.349s][11677] GC(1100) Pause Full (Allocation Failure) 512M->512M(539M) 403.029ms
[2026-10-02T08:24:39.494+0000][439.760s][11677] GC(1101) Pause Full (Allocation Failure) 512M->512M(540M) 410.356ms
[2026-10-02T08:24:39.901+0000][440.168s][11677] GC(1102) Pause Full (Allocation Failure) 512M->512M(539M) 407.281ms
[2026-10-02T08:24:40.302+0000][440.568s][11677] GC(1103) Pause Full (Allocation Failure) 512M->512M(540M) 400.021ms
[2026-10-02T08:24:40.707+0000][440.974s][11677] GC(1104) Pause Full (Allocation Failure) 512M->512M(539M) 404.948ms
[2026-10-02T08:24:41.111+0000][441.377s][11677] GC(1105) Pause Full (Allocation Failure) 512M->512M(540M) 402.304ms
[2026-10-02T08:24:41.513+0000][441.779s][11677] GC(1106) Pause Full (Allocation Failure) 512M->512M(539M) 400.691ms
[2026-10-02T08:24:42.021+0000][442.287s][11677] GC(1107) Pause Full (Allocation Failure) 512M->512M(540M) 506.230ms
[2026-10-02T08:24:42.384+0000][442.650s][11677] GC(1108) Pause Full (Allocation Failure) 512M->512M(539M) 361.303ms
[2026-10-02T08:24:42.744+0000][443.011s][11677] GC(1109) Pause Full (Diagnostic Command) 512M->512M(539M) 360.481ms
[2026-10-02T08:24:43.106+0000][443.372s][11677] GC(1110) Pause Full (Allocation Failure) 512M->512M(540M) 360.283ms
[2026-10-02T08:24:43.465+0000][443.731s][11677] GC(1111) Pause Full (Allocation Failure) 512M->512M(539M) 357.736ms
[2026-10-02T08:24:43.935+0000][444.201s][11677] GC(1112) Pause Full (Allocation Failure) 512M->512M(540M) 468.246ms
[2026-10-02T08:24:44.388+0000][444.654s][11677] GC(1113) Pause Full (Allocation Failure) 512M->512M(539M) 451.486ms
[2026-10-02T08:24:44.752+0000][445.018s][11677] GC(1114) Pause Full (Allocation Failure) 512M->512M(540M) 363.076ms
[2026-10-02T08:24:45.155+0000][445.421s][11677] GC(1115) Pause Full (Allocation Failure) 512M->512M(539M) 402.287ms
[2026-10-02T08:24:45.603+0000][445.870s][11677] GC(1116) Pause Full (Allocation Failure) 512M->512M(540M) 446.957ms
[2026-10-02T08:24:46.021+0000][446.288s][11677] GC(1117) Pause Full (Allocation Failure) 512M->512M(539M) 417.032ms
[2026-10-02T08:24:46.381+0000][446.647s][11677] GC(1118) Pause Full (Allocation Failure) 512M->512M(540M) 358.947ms
[2026-10-02T08:24:46.832+0000][447.098s][11677] GC(1119) Pause Full (Allocation Failure) 512M->512M(539M) 450.021ms
[2026-10-02T08:24:47.194+0000][447.461s][11677] GC(1120) Pause Full (Allocation Failure) 512M->512M(540M) 361.376ms
[2026-10-02T08:24:47.596+0000][447.862s][11677] GC(1121) Pause Full (Allocation Failure) 512M->512M(539M) 400.749ms
[2026-10-02T08:24:48.054+0000][448.320s][11677] GC(1122) Pause Full (Allocation Failure) 512M->512M(540M) 456.540ms
[2026-10-02T08:24:48.427+0000][448.693s][11677] GC(1123) Pause Full (Allocation Failure) 512M->512M(539M) 372.519ms
[2026-10-02T08:24:48.795+0000][449.061s][11677] GC(1124) Pause Full (Allocation Failure) 512M->512M(540M) 367.296ms
[2026-10-02T08:24:49.155+0000][449.421s][11677] GC(1125) Pause Full (Allocation Failure) 512M->512M(539M) 359.608ms
[2026-10-02T08:24:49.518+0000][449.784s][11677] GC(1126) Pause Full (Diagnostic Command) 512M->512M(539M) 362.275ms
[2026-10-02T08:24:49.892+0000][450.159s][11677] GC(1127) Pause Full (Allocation Failure) 512M->512M(540M) 373.797ms
[2026-10-02T08:24:50.263+0000][450.529s][11677] GC(1128) Pause Full (Allocation Failure) 512M->512M(539M) 369.605ms
[2026-10-02T08:24:50.716+0000][450.982s][11677] GC(1129) Pause Full (Allocation Failure) 512M->512M(540M) 452.541ms
[2026-10-02T08:24:51.175+0000][451.441s][11677] GC(1130) Pause Full (Allocation Failure) 512M->512M(539M) 457.644ms
[2026-10-02T08:24:51.542+0000][451.809s][11677] GC(1131) Pause Full (Allocation Failure) 512M->512M(540M) 366.872ms
[2026-10-02T08:24:51.904+0000][452.171s][11677] GC(1132) Pause Full (Allocation Failure) 512M->512M(539M) 361.050ms
[2026-10-02T08:24:52.282+0000][452.548s][11677] GC(1133) Pause Full (Allocation Failure) 512M->512M(540M) 377.016ms
[2026-10-02T08:24:52.690+0000][452.957s][11677] GC(1134) Pause Full (Allocation Failure) 512M->512M(539M) 407.227ms
[2026-10-02T08:24:53.052+0000][453.319s][11677] GC(1135) Pause Full (Allocation Failure) 512M->512M(540M) 361.199ms
[2026-10-02T08:24:53.505+0000][453.771s][11677] GC(1136) Pause Full (Allocation Failure) 512M->512M(539M) 451.398ms
[2026-10-02T08:24:53.907+0000][454.173s][11677] GC(1137) Pause Full (Allocation Failure) 512M->512M(540M) 401.351ms
[2026-10-02T08:24:54.373+0000][454.639s][11677] GC(1138) Pause Full (Allocation Failure) 512M->512M(539M) 465.127ms
[2026-10-02T08:24:54.831+0000][455.098s][11677] GC(1139) Pause Full (Allocation Failure) 512M->512M(540M) 456.491ms
[2026-10-02T08:24:55.195+0000][455.462s][11677] GC(1140) Pause Full (Diagnostic Command) 512M->512M(540M) 363.702ms
[2026-10-02T08:24:55.561+0000][455.827s][11677] GC(1141) Pause Full (Allocation Failure) 512M->512M(539M) 364.438ms
[2026-10-02T08:24:55.920+0000][456.186s][11677] GC(1142) Pause Full (Allocation Failure) 512M->512M(540M) 358.732ms
[2026-10-02T08:24:56.299+0000][456.565s][11677] GC(1143) Pause Full (Allocation Failure) 512M->512M(539M) 377.877ms
[2026-10-02T08:24:56.660+0000][456.926s][11677] GC(1144) Pause Full (Allocation Failure) 512M->512M(540M) 360.590ms
[2026-10-02T08:24:57.109+0000][457.376s][11677] GC(1145) Pause Full (Allocation Failure) 512M->512M(539M) 448.573ms
[2026-10-02T08:24:57.469+0000][457.735s][11677] GC(1146) Pause Full (Allocation Failure) 512M->512M(540M) 358.541ms
[2026-10-02T08:24:57.829+0000][458.096s][11677] GC(1147) Pause Full (Allocation Failure) 512M->512M(539M) 359.857ms
[2026-10-02T08:24:58.293+0000][458.559s][11677] GC(1148) Pause Full (Allocation Failure) 512M->512M(540M) 462.588ms
[2026-10-02T08:24:58.652+0000][458.919s][11677] GC(1149) Pause Full (Allocation Failure) 512M->512M(539M) 359.051ms
[2026-10-02T08:24:59.010+0000][459.277s][11677] GC(1150) Pause Full (Allocation Failure) 512M->512M(540M) 357.142ms
[2026-10-02T08:24:59.371+0000][459.637s][11677] GC(1151) Pause Full (Allocation Failure) 512M->512M(539M) 359.911ms
[2026-10-02T08:24:59.732+0000][459.999s][11677] GC(1152) Pause Full (Allocation Failure) 512M->512M(540M) 360.406ms
[2026-10-02T08:25:00.091+0000][460.357s][11677] GC(1153) Pause Full (Allocation Failure) 512M->512M(539M) 357.691ms
[2026-10-02T08:25:00.518+0000][460.785s][11677] GC(1154) Pause Full (Allocation Failure) 512M->512M(540M) 426.825ms
[2026-10-02T08:25:00.908+0000][461.174s][11677] GC(1155) Pause Full (Allocation Failure) 512M->512M(539M) 389.123ms
[2026-10-02T08:25:01.269+0000][461.535s][11677] GC(1156) Pause Full (Allocation Failure) 512M->512M(540M) 360.180ms
[2026-10-02T08:25:01.638+0000][461.904s][11677] GC(1157) Pause Full (Allocation Failure) 512M->512M(539M) 365.978ms
[2026-10-02T08:25:01.999+0000][462.266s][11677] GC(1158) Pause Full (Diagnostic Command) 512M->512M(539M) 360.942ms
[2026-10-02T08:25:02.364+0000][462.630s][11677] GC(1159) Pause Full (Allocation Failure) 512M->512M(540M) 361.244ms
[2026-10-02T08:25:02.742+0000][463.008s][11677] GC(1160) Pause Full (Allocation Failure) 512M->512M(539M) 377.938ms
[2026-10-02T08:25:03.101+0000][463.368s][11677] GC(1161) Pause Full (Allocation Failure) 512M->512M(540M) 358.846ms
[2026-10-02T08:25:03.462+0000][463.728s][11677] GC(1162) Pause Full (Allocation Failure) 512M->512M(539M) 359.285ms
[2026-10-02T08:25:03.820+0000][464.086s][11677] GC(1163) Pause Full (Allocation Failure) 512M->512M(540M) 357.398ms
[2026-10-02T08:25:04.180+0000][464.446s][11677] GC(1164) Pause Full (Allocation Failure) 512M->512M(539M) 358.190ms
[2026-10-02T08:25:04.637+0000][464.903s][11677] GC(1165) Pause Full (Allocation Failure) 512M->512M(540M) 456.282ms
[2026-10-02T08:25:04.998+0000][465.265s][11677] GC(1166) Pause Full (Allocation Failure) 512M->512M(539M) 360.960ms
[2026-10-02T08:25:05.358+0000][465.624s][11677] GC(1167) Pause Full (Allocation Failure) 512M->512M(540M) 358.959ms
[2026-10-02T08:25:05.718+0000][465.984s][11677] GC(1168) Pause Full (Allocation Failure) 512M->512M(539M) 358.198ms
[2026-10-02T08:25:06.075+0000][466.342s][11677] GC(1169) Pause Full (Allocation Failure) 512M->512M(540M) 357.420ms
[2026-10-02T08:25:06.434+0000][466.701s][11677] GC(1170) Pause Full (Allocation Failure) 512M->512M(539M) 358.192ms
[2026-10-02T08:25:06.991+0000][467.257s][11677] GC(1171) Pause Full (Allocation Failure) 512M->512M(540M) 555.882ms
[2026-10-02T08:25:07.440+0000][467.707s][11677] GC(1172) Pause Full (Allocation Failure) 512M->512M(539M) 448.310ms
[2026-10-02T08:25:07.802+0000][468.068s][11677] GC(1173) Pause Full (Diagnostic Command) 512M->512M(539M) 360.784ms
[2026-10-02T08:25:08.165+0000][468.431s][11677] GC(1174) Pause Full (Allocation Failure) 512M->512M(540M) 362.339ms
[2026-10-02T08:25:08.527+0000][468.793s][11677] GC(1175) Pause Full (Allocation Failure) 512M->512M(539M) 361.411ms
[2026-10-02T08:25:08.985+0000][469.251s][11677] GC(1176) Pause Full (Allocation Failure) 512M->512M(540M) 457.325ms
[2026-10-02T08:25:09.437+0000][469.704s][11677] GC(1177) Pause Full (Allocation Failure) 512M->512M(539M) 452.519ms
[2026-10-02T08:25:09.885+0000][470.151s][11677] GC(1178) Pause Full (Allocation Failure) 512M->512M(540M) 446.982ms
[2026-10-02T08:25:10.333+0000][470.600s][11677] GC(1179) Pause Full (Allocation Failure) 512M->512M(539M) 447.933ms
[2026-10-02T08:25:10.783+0000][471.049s][11677] GC(1180) Pause Full (Allocation Failure) 512M->512M(540M) 448.837ms
[2026-10-02T08:25:11.235+0000][471.502s][11677] GC(1181) Pause Full (Allocation Failure) 512M->512M(539M) 452.111ms
[2026-10-02T08:25:11.596+0000][471.862s][11677] GC(1182) Pause Full (Allocation Failure) 512M->512M(540M) 360.017ms
[2026-10-02T08:25:11.954+0000][472.220s][11677] GC(1183) Pause Full (Allocation Failure) 512M->512M(539M) 357.817ms
[2026-10-02T08:25:12.315+0000][472.581s][11677] GC(1184) Pause Full (Allocation Failure) 512M->512M(540M) 360.545ms
[2026-10-02T08:25:12.674+0000][472.940s][11677] GC(1185) Pause Full (Allocation Failure) 512M->512M(539M) 358.478ms
[2026-10-02T08:25:13.123+0000][473.389s][11677] GC(1186) Pause Full (Allocation Failure) 512M->512M(540M) 449.179ms
[2026-10-02T08:25:13.492+0000][473.758s][11677] GC(1187) Pause Full (Allocation Failure) 512M->512M(539M) 368.573ms
[2026-10-02T08:25:13.856+0000][474.122s][11677] GC(1188) Pause Full (Diagnostic Command) 512M->512M(539M) 363.070ms
[2026-10-02T08:25:14.216+0000][474.482s][11677] GC(1189) Pause Full (Allocation Failure) 512M->512M(540M) 359.514ms
[2026-10-02T08:25:14.578+0000][474.844s][11677] GC(1190) Pause Full (Allocation Failure) 512M->512M(539M) 362.234ms
[2026-10-02T08:25:14.945+0000][475.211s][11677] GC(1191) Pause Full (Allocation Failure) 512M->512M(540M) 366.128ms
[2026-10-02T08:25:15.312+0000][475.578s][11677] GC(1192) Pause Full (Allocation Failure) 512M->512M(539M) 367.051ms
[2026-10-02T08:25:15.755+0000][476.021s][11677] GC(1193) Pause Full (Allocation Failure) 512M->512M(540M) 442.299ms
[2026-10-02T08:25:16.113+0000][476.380s][11677] GC(1194) Pause Full (Allocation Failure) 512M->512M(539M) 357.999ms
[2026-10-02T08:25:16.472+0000][476.739s][11677] GC(1195) Pause Full (Allocation Failure) 512M->512M(540M) 358.353ms
[2026-10-02T08:25:16.832+0000][477.098s][11677] GC(1196) Pause Full (Allocation Failure) 512M->512M(539M) 359.545ms
[2026-10-02T08:25:17.209+0000][477.475s][11677] GC(1197) Pause Full (Allocation Failure) 512M->512M(540M) 376.031ms
[2026-10-02T08:25:17.569+0000][477.835s][11677] GC(1198) Pause Full (Allocation Failure) 512M->512M(539M) 359.661ms
[2026-10-02T08:25:17.927+0000][478.193s][11677] GC(1199) Pause Full (Allocation Failure) 512M->512M(540M) 357.852ms
[2026-10-02T08:25:18.286+0000][478.552s][11677] GC(1200) Pause Full (Allocation Failure) 512M->512M(539M) 358.621ms
[2026-10-02T08:25:18.650+0000][478.916s][11677] GC(1201) Pause Full (Allocation Failure) 512M->512M(540M) 364.032ms
[2026-10-02T08:25:19.011+0000][479.277s][11677] GC(1202) Pause Full (Allocation Failure) 512M->512M(539M) 360.742ms
[2026-10-02T08:25:19.473+0000][479.739s][11677] GC(1203) Pause Full (Allocation Failure) 512M->512M(540M) 461.552ms
[2026-10-02T08:25:19.922+0000][480.189s][11677] GC(1204) Pause Full (Allocation Failure) 512M->512M(539M) 448.464ms
[2026-10-02T08:25:20.284+0000][480.551s][11677] GC(1205) Pause Full (Diagnostic Command) 512M->512M(539M) 361.760ms
[2026-10-02T08:25:20.737+0000][481.003s][11677] GC(1206) Pause Full (Allocation Failure) 512M->512M(540M) 452.113ms
[2026-10-02T08:25:21.097+0000][481.363s][11677] GC(1207) Pause Full (Allocation Failure) 512M->512M(539M) 359.460ms
[2026-10-02T08:25:21.475+0000][481.741s][11677] GC(1208) Pause Full (Allocation Failure) 512M->512M(540M) 377.706ms
[2026-10-02T08:25:21.835+0000][482.101s][11677] GC(1209) Pause Full (Allocation Failure) 512M->512M(539M) 359.336ms
[2026-10-02T08:25:22.195+0000][482.462s][11677] GC(1210) Pause Full (Allocation Failure) 512M->512M(540M) 360.358ms
[2026-10-02T08:25:22.554+0000][482.820s][11677] GC(1211) Pause Full (Allocation Failure) 512M->512M(539M) 357.930ms
[2026-10-02T08:25:22.914+0000][483.180s][11677] GC(1212) Pause Full (Allocation Failure) 512M->512M(540M) 359.497ms
[2026-10-02T08:25:23.273+0000][483.539s][11677] GC(1213) Pause Full (Allocation Failure) 512M->512M(539M) 358.967ms
[2026-10-02T08:25:23.650+0000][483.916s][11677] GC(1214) Pause Full (Allocation Failure) 512M->512M(540M) 376.415ms
[2026-10-02T08:25:24.010+0000][484.276s][11677] GC(1215) Pause Full (Allocation Failure) 512M->512M(539M) 359.891ms
[2026-10-02T08:25:24.369+0000][484.635s][11677] GC(1216) Pause Full (Allocation Failure) 512M->512M(540M) 358.380ms
[2026-10-02T08:25:24.732+0000][484.998s][11677] GC(1217) Pause Full (Allocation Failure) 512M->512M(539M) 362.572ms
[2026-10-02T08:25:25.091+0000][485.357s][11677] GC(1218) Pause Full (Allocation Failure) 512M->512M(540M) 358.888ms
[2026-10-02T08:25:25.482+0000][485.748s][11677] GC(1219) Pause Full (Allocation Failure) 512M->512M(539M) 390.579ms
[2026-10-02T08:25:25.931+0000][486.198s][11677] GC(1220) Pause Full (Allocation Failure) 512M->512M(540M) 448.421ms
[2026-10-02T08:25:26.305+0000][486.571s][11677] GC(1221) Pause Full (Allocation Failure) 512M->512M(539M) 370.225ms
[2026-10-02T08:25:26.667+0000][486.933s][11677] GC(1222) Pause Full (Diagnostic Command) 512M->512M(539M) 361.763ms
[2026-10-02T08:25:27.034+0000][487.301s][11677] GC(1223) Pause Full (Allocation Failure) 512M->512M(540M) 366.738ms
[2026-10-02T08:25:27.394+0000][487.661s][11677] GC(1224) Pause Full (Allocation Failure) 512M->512M(539M) 359.633ms
[2026-10-02T08:25:27.855+0000][488.121s][11677] GC(1225) Pause Full (Allocation Failure) 512M->512M(540M) 460.414ms
[2026-10-02T08:25:28.299+0000][488.565s][11677] GC(1226) Pause Full (Allocation Failure) 512M->512M(539M) 443.348ms
[2026-10-02T08:25:28.716+0000][488.982s][11677] GC(1227) Pause Full (Allocation Failure) 512M->512M(540M) 416.283ms
[2026-10-02T08:25:29.160+0000][489.427s][11677] GC(1228) Pause Full (Allocation Failure) 512M->512M(539M) 444.390ms
[2026-10-02T08:25:29.624+0000][489.890s][11677] GC(1229) Pause Full (Allocation Failure) 512M->512M(540M) 462.634ms
[2026-10-02T08:25:29.985+0000][490.251s][11677] GC(1230) Pause Full (Allocation Failure) 512M->512M(539M) 360.613ms
[2026-10-02T08:25:30.430+0000][490.697s][11677] GC(1231) Pause Full (Allocation Failure) 512M->512M(540M) 445.214ms
[2026-10-02T08:25:30.875+0000][491.141s][11677] GC(1232) Pause Full (Allocation Failure) 512M->512M(539M) 444.284ms
[2026-10-02T08:25:31.235+0000][491.501s][11677] GC(1233) Pause Full (Allocation Failure) 512M->512M(540M) 359.238ms
[2026-10-02T08:25:31.596+0000][491.862s][11677] GC(1234) Pause Full (Allocation Failure) 512M->512M(539M) 360.653ms
[2026-10-02T08:25:32.058+0000][492.325s][11677] GC(1235) Pause Full (Allocation Failure) 512M->512M(540M) 462.430ms
[2026-10-02T08:25:32.427+0000][492.693s][11677] GC(1236) Pause Full (Allocation Failure) 512M->512M(539M) 367.460ms
[2026-10-02T08:25:32.787+0000][493.053s][11677] GC(1237) Pause Full (Allocation Failure) 512M->512M(540M) 359.455ms
[2026-10-02T08:25:33.231+0000][493.497s][11677] GC(1238) Pause Full (Diagnostic Command) 512M->512M(540M) 443.759ms
[2026-10-02T08:25:33.678+0000][493.944s][11677] GC(1239) Pause Full (Allocation Failure) 512M->512M(539M) 446.737ms
[2026-10-02T08:25:34.056+0000][494.322s][11677] GC(1240) Pause Full (Allocation Failure) 512M->512M(540M) 377.390ms
[2026-10-02T08:25:34.500+0000][494.767s][11677] GC(1241) Pause Full (Allocation Failure) 512M->512M(539M) 444.375ms
[2026-10-02T08:25:34.860+0000][495.127s][11677] GC(1242) Pause Full (Allocation Failure) 512M->512M(540M) 359.599ms
[2026-10-02T08:25:35.304+0000][495.570s][11677] GC(1243) Pause Full (Allocation Failure) 512M->512M(539M) 443.155ms
[2026-10-02T08:25:35.666+0000][495.933s][11677] GC(1244) Pause Full (Allocation Failure) 512M->512M(540M) 362.325ms
[2026-10-02T08:25:36.040+0000][496.306s][11677] GC(1245) Pause Full (Allocation Failure) 512M->512M(539M) 373.436ms
[2026-10-02T08:25:36.403+0000][496.670s][11677] GC(1246) Pause Full (Allocation Failure) 512M->512M(540M) 362.958ms
[2026-10-02T08:25:36.766+0000][497.032s][11677] GC(1247) Pause Full (Allocation Failure) 512M->512M(539M) 362.201ms
[2026-10-02T08:25:37.131+0000][497.398s][11677] GC(1248) Pause Full (Allocation Failure) 512M->512M(540M) 365.068ms
[2026-10-02T08:25:37.491+0000][497.758s][11677] GC(1249) Pause Full (Allocation Failure) 512M->512M(539M) 359.609ms
[2026-10-02T08:25:37.850+0000][498.117s][11677] GC(1250) Pause Full (Allocation Failure) 512M->512M(540M) 359.053ms
[2026-10-02T08:25:38.311+0000][498.577s][11677] GC(1251) Pause Full (Allocation Failure) 512M->512M(539M) 459.968ms
[2026-10-02T08:25:38.680+0000][498.946s][11677] GC(1252) Pause Full (Allocation Failure) 512M->512M(540M) 369.130ms
[2026-10-02T08:25:39.040+0000][499.307s][11677] GC(1253) Pause Full (Allocation Failure) 512M->512M(539M) 359.537ms
[2026-10-02T08:25:39.401+0000][499.667s][11677] GC(1254) Pause Full (Diagnostic Command) 512M->512M(539M) 359.967ms
[2026-10-02T08:25:39.763+0000][500.029s][11677] GC(1255) Pause Full (Allocation Failure) 512M->512M(540M) 360.737ms
[2026-10-02T08:25:40.137+0000][500.403s][11677] GC(1256) Pause Full (Allocation Failure) 512M->512M(539M) 373.672ms
[2026-10-02T08:25:40.494+0000][500.760s][11677] GC(1257) Pause Full (Allocation Failure) 512M->512M(540M) 356.666ms
[2026-10-02T08:25:40.853+0000][501.119s][11677] GC(1258) Pause Full (Allocation Failure) 512M->512M(539M) 359.011ms
[2026-10-02T08:25:41.216+0000][501.482s][11677] GC(1259) Pause Full (Allocation Failure) 512M->512M(540M) 361.976ms
[2026-10-02T08:25:41.573+0000][501.839s][11677] GC(1260) Pause Full (Allocation Failure) 512M->512M(539M) 357.057ms
[2026-10-02T08:25:41.934+0000][502.200s][11677] GC(1261) Pause Full (Allocation Failure) 512M->512M(540M) 360.981ms
[2026-10-02T08:25:42.305+0000][502.571s][11677] GC(1262) Pause Full (Allocation Failure) 512M->512M(539M) 370.309ms
[2026-10-02T08:25:42.664+0000][502.930s][11677] GC(1263) Pause Full (Allocation Failure) 512M->512M(540M) 358.613ms
[2026-10-02T08:25:43.023+0000][503.289s][11677] GC(1264) Pause Full (Allocation Failure) 512M->512M(539M) 358.968ms
[2026-10-02T08:25:43.383+0000][503.650s][11677] GC(1265) Pause Full (Allocation Failure) 512M->512M(540M) 359.971ms
[2026-10-02T08:25:43.742+0000][504.008s][11677] GC(1266) Pause Full (Allocation Failure) 512M->512M(539M) 358.246ms
[2026-10-02T08:25:44.101+0000][504.367s][11677] GC(1267) Pause Full (Allocation Failure) 512M->512M(540M) 358.257ms
[2026-10-02T08:25:44.562+0000][504.829s][11677] GC(1268) Pause Full (Allocation Failure) 512M->512M(539M) 461.175ms
[2026-10-02T08:25:44.930+0000][505.196s][11677] GC(1269) Pause Full (Allocation Failure) 512M->512M(540M) 366.148ms
[2026-10-02T08:25:45.290+0000][505.556s][11677] GC(1270) Pause Full (Allocation Failure) 512M->512M(539M) 359.599ms
[2026-10-02T08:25:45.650+0000][505.916s][11677] GC(1271) Pause Full (Diagnostic Command) 512M->512M(539M) 359.309ms
[2026-10-02T08:25:46.011+0000][506.278s][11677] GC(1272) Pause Full (Allocation Failure) 512M->512M(540M) 360.609ms
[2026-10-02T08:25:46.385+0000][506.651s][11677] GC(1273) Pause Full (Allocation Failure) 512M->512M(539M) 373.375ms
[2026-10-02T08:25:46.745+0000][507.011s][11677] GC(1274) Pause Full (Allocation Failure) 512M->512M(540M) 359.208ms
[2026-10-02T08:25:47.108+0000][507.374s][11677] GC(1275) Pause Full (Allocation Failure) 512M->512M(539M) 362.892ms
[2026-10-02T08:25:47.467+0000][507.733s][11677] GC(1276) Pause Full (Allocation Failure) 512M->512M(540M) 358.991ms
[2026-10-02T08:25:47.828+0000][508.094s][11677] GC(1277) Pause Full (Allocation Failure) 512M->512M(539M) 361.086ms
[2026-10-02T08:25:48.186+0000][508.452s][11677] GC(1278) Pause Full (Allocation Failure) 512M->512M(540M) 357.714ms
[2026-10-02T08:25:48.559+0000][508.826s][11677] GC(1279) Pause Full (Allocation Failure) 512M->512M(539M) 372.856ms
[2026-10-02T08:25:48.919+0000][509.185s][11677] GC(1280) Pause Full (Allocation Failure) 512M->512M(540M) 359.040ms
[2026-10-02T08:25:49.278+0000][509.545s][11677] GC(1281) Pause Full (Allocation Failure) 512M->512M(539M) 359.434ms
[2026-10-02T08:25:49.639+0000][509.905s][11677] GC(1282) Pause Full (Allocation Failure) 512M->512M(540M) 360.343ms
[2026-10-02T08:25:49.999+0000][510.265s][11677] GC(1283) Pause Full (Allocation Failure) 512M->512M(539M) 359.978ms
[2026-10-02T08:25:50.357+0000][510.624s][11677] GC(1284) Pause Full (Allocation Failure) 512M->512M(540M) 358.061ms
[2026-10-02T08:25:50.822+0000][511.089s][11677] GC(1285) Pause Full (Allocation Failure) 512M->512M(539M) 464.653ms
[2026-10-02T08:25:51.185+0000][511.452s][11677] GC(1286) Pause Full (Allocation Failure) 512M->512M(540M) 361.868ms
[2026-10-02T08:25:51.545+0000][511.811s][11677] GC(1287) Pause Full (Allocation Failure) 512M->512M(539M) 359.097ms
[2026-10-02T08:25:51.905+0000][512.172s][11677] GC(1288) Pause Full (Diagnostic Command) 512M->512M(539M) 360.297ms
[2026-10-02T08:25:52.270+0000][512.536s][11677] GC(1289) Pause Full (Allocation Failure) 512M->512M(540M) 363.978ms
[2026-10-02T08:25:52.642+0000][512.908s][11677] GC(1290) Pause Full (Allocation Failure) 512M->512M(539M) 372.083ms
[2026-10-02T08:25:53.002+0000][513.268s][11677] GC(1291) Pause Full (Allocation Failure) 512M->512M(540M) 359.379ms
[2026-10-02T08:25:53.359+0000][513.626s][11677] GC(1292) Pause Full (Allocation Failure) 512M->512M(539M) 357.556ms
[2026-10-02T08:25:53.718+0000][513.984s][11677] GC(1293) Pause Full (Allocation Failure) 512M->512M(540M) 358.567ms
[2026-10-02T08:25:54.083+0000][514.349s][11677] GC(1294) Pause Full (Allocation Failure) 512M->512M(539M) 364.167ms
[2026-10-02T08:25:54.443+0000][514.709s][11677] GC(1295) Pause Full (Allocation Failure) 512M->512M(540M) 359.740ms
[2026-10-02T08:25:54.815+0000][515.082s][11677] GC(1296) Pause Full (Allocation Failure) 512M->512M(539M) 372.609ms
[2026-10-02T08:25:55.174+0000][515.441s][11677] GC(1297) Pause Full (Allocation Failure) 512M->512M(540M) 358.488ms
[2026-10-02T08:25:55.531+0000][515.797s][11677] GC(1298) Pause Full (Allocation Failure) 512M->512M(539M) 356.196ms
[2026-10-02T08:25:55.886+0000][516.152s][11677] GC(1299) Pause Full (Allocation Failure) 512M->512M(540M) 354.834ms
[2026-10-02T08:25:56.239+0000][516.506s][11677] GC(1300) Pause Full (Allocation Failure) 512M->512M(539M) 353.408ms
[2026-10-02T08:25:56.595+0000][516.861s][11677] GC(1301) Pause Full (Allocation Failure) 512M->512M(540M) 354.787ms
[2026-10-02T08:25:57.047+0000][517.313s][11677] GC(1302) Pause Full (Allocation Failure) 512M->512M(539M) 451.798ms
[2026-10-02T08:25:57.410+0000][517.677s][11677] GC(1303) Pause Full (Allocation Failure) 512M->512M(540M) 360.635ms
[2026-10-02T08:25:57.767+0000][518.033s][11677] GC(1304) Pause Full (Allocation Failure) 512M->512M(539M) 355.485ms
[2026-10-02T08:25:58.122+0000][518.388s][11677] GC(1305) Pause Full (Diagnostic Command) 512M->512M(539M) 354.930ms
[2026-10-02T08:25:58.479+0000][518.746s][11677] GC(1306) Pause Full (Allocation Failure) 512M->512M(540M) 357.193ms
[2026-10-02T08:25:58.842+0000][519.109s][11677] GC(1307) Pause Full (Allocation Failure) 512M->512M(539M) 362.661ms
[2026-10-02T08:25:59.206+0000][519.473s][11677] GC(1308) Pause Full (Allocation Failure) 512M->512M(540M) 363.889ms
[2026-10-02T08:25:59.562+0000][519.828s][11677] GC(1309) Pause Full (Allocation Failure) 512M->512M(539M) 355.210ms
[2026-10-02T08:25:59.919+0000][520.186s][11677] GC(1310) Pause Full (Allocation Failure) 512M->512M(540M) 356.911ms
[2026-10-02T08:26:00.276+0000][520.542s][11677] GC(1311) Pause Full (Allocation Failure) 512M->512M(539M) 356.430ms
[2026-10-02T08:26:00.633+0000][520.900s][11677] GC(1312) Pause Full (Allocation Failure) 512M->512M(540M) 357.134ms
[2026-10-02T08:26:01.007+0000][521.273s][11677] GC(1313) Pause Full (Allocation Failure) 512M->512M(539M) 373.288ms
[2026-10-02T08:26:01.363+0000][521.630s][11677] GC(1314) Pause Full (Allocation Failure) 512M->512M(540M) 356.017ms
[2026-10-02T08:26:01.721+0000][521.987s][11677] GC(1315) Pause Full (Allocation Failure) 512M->512M(539M) 357.380ms
[2026-10-02T08:26:02.079+0000][522.345s][11677] GC(1316) Pause Full (Allocation Failure) 512M->512M(540M) 357.487ms
[2026-10-02T08:26:02.434+0000][522.700s][11677] GC(1317) Pause Full (Allocation Failure) 512M->512M(539M) 354.620ms
[2026-10-02T08:26:02.794+0000][523.060s][11677] GC(1318) Pause Full (Allocation Failure) 512M->512M(540M) 359.460ms
[2026-10-02T08:26:03.254+0000][523.520s][11677] GC(1319) Pause Full (Allocation Failure) 512M->512M(539M) 460.138ms
[2026-10-02T08:26:03.614+0000][523.880s][11677] GC(1320) Pause Full (Allocation Failure) 512M->512M(540M) 359.458ms
[2026-10-02T08:26:03.969+0000][524.235s][11677] GC(1321) Pause Full (Allocation Failure) 512M->512M(539M) 354.346ms
[2026-10-02T08:26:04.324+0000][524.591s][11677] GC(1322) Pause Full (Diagnostic Command) 512M->512M(539M) 355.584ms
[2026-10-02T08:26:04.684+0000][524.950s][11677] GC(1323) Pause Full (Allocation Failure) 512M->512M(540M) 358.525ms
[2026-10-02T08:26:05.049+0000][525.315s][11677] GC(1324) Pause Full (Allocation Failure) 512M->512M(539M) 364.579ms
[2026-10-02T08:26:05.416+0000][525.682s][11677] GC(1325) Pause Full (Allocation Failure) 512M->512M(540M) 366.724ms
[2026-10-02T08:26:05.771+0000][526.037s][11677] GC(1326) Pause Full (Allocation Failure) 512M->512M(539M) 354.797ms
[2026-10-02T08:26:06.125+0000][526.391s][11677] GC(1327) Pause Full (Allocation Failure) 512M->512M(540M) 353.830ms
[2026-10-02T08:26:06.482+0000][526.748s][11677] GC(1328) Pause Full (Allocation Failure) 512M->512M(539M) 356.488ms
[2026-10-02T08:26:06.840+0000][527.106s][11677] GC(1329) Pause Full (Allocation Failure) 512M->512M(540M) 357.509ms
[2026-10-02T08:26:07.214+0000][527.480s][11677] GC(1330) Pause Full (Allocation Failure) 512M->512M(539M) 373.968ms
[2026-10-02T08:26:07.571+0000][527.838s][11677] GC(1331) Pause Full (Allocation Failure) 512M->512M(540M) 357.203ms
[2026-10-02T08:26:07.931+0000][528.197s][11677] GC(1332) Pause Full (Allocation Failure) 512M->512M(539M) 359.102ms
[2026-10-02T08:26:08.286+0000][528.552s][11677] GC(1333) Pause Full (Allocation Failure) 512M->512M(540M) 354.788ms
[2026-10-02T08:26:08.646+0000][528.913s][11677] GC(1334) Pause Full (Allocation Failure) 512M->512M(539M) 360.461ms
[2026-10-02T08:26:09.005+0000][529.271s][11677] GC(1335) Pause Full (Allocation Failure) 512M->512M(540M) 358.361ms
[2026-10-02T08:26:09.428+0000][529.694s][11677] GC(1336) Pause Full (Allocation Failure) 512M->512M(539M) 422.552ms
[2026-10-02T08:26:09.830+0000][530.096s][11677] GC(1337) Pause Full (Allocation Failure) 512M->512M(540M) 401.720ms
[2026-10-02T08:26:10.186+0000][530.453s][11677] GC(1338) Pause Full (Allocation Failure) 512M->512M(539M) 356.156ms
[2026-10-02T08:26:10.546+0000][530.813s][11677] GC(1339) Pause Full (Allocation Failure) 512M->512M(540M) 359.677ms
[2026-10-02T08:26:10.905+0000][531.171s][11677] GC(1340) Pause Full (Allocation Failure) 512M->512M(539M) 358.372ms
[2026-10-02T08:26:11.263+0000][531.529s][11677] GC(1341) Pause Full (Diagnostic Command) 512M->512M(539M) 358.046ms
[2026-10-02T08:26:11.642+0000][531.908s][11677] GC(1342) Pause Full (Allocation Failure) 512M->512M(540M) 378.568ms
[2026-10-02T08:26:12.003+0000][532.269s][11677] GC(1343) Pause Full (Allocation Failure) 512M->512M(539M) 360.550ms
[2026-10-02T08:26:12.361+0000][532.627s][11677] GC(1344) Pause Full (Allocation Failure) 512M->512M(540M) 357.568ms
[2026-10-02T08:26:12.719+0000][532.985s][11677] GC(1345) Pause Full (Allocation Failure) 512M->512M(539M) 357.751ms
[2026-10-02T08:26:13.075+0000][533.341s][11677] GC(1346) Pause Full (Allocation Failure) 512M->512M(540M) 355.930ms
[2026-10-02T08:26:13.437+0000][533.703s][11677] GC(1347) Pause Full (Allocation Failure) 512M->512M(539M) 361.450ms
[2026-10-02T08:26:13.803+0000][534.069s][11677] GC(1348) Pause Full (Allocation Failure) 512M->512M(540M) 366.476ms
[2026-10-02T08:26:14.162+0000][534.428s][11677] GC(1349) Pause Full (Allocation Failure) 512M->512M(539M) 358.206ms
[2026-10-02T08:26:14.519+0000][534.786s][11677] GC(1350) Pause Full (Allocation Failure) 512M->512M(540M) 357.422ms
[2026-10-02T08:26:14.877+0000][535.144s][11677] GC(1351) Pause Full (Allocation Failure) 512M->512M(539M) 357.553ms
[2026-10-02T08:26:15.232+0000][535.499s][11677] GC(1352) Pause Full (Allocation Failure) 512M->512M(540M) 354.648ms
[2026-10-02T08:26:15.620+0000][535.887s][11677] GC(1353) Pause Full (Allocation Failure) 512M->512M(539M) 387.716ms
[2026-10-02T08:26:16.040+0000][536.307s][11677] GC(1354) Pause Full (Allocation Failure) 512M->512M(540M) 418.934ms
[2026-10-02T08:26:16.404+0000][536.670s][11677] GC(1355) Pause Full (Allocation Failure) 512M->512M(539M) 363.469ms
[2026-10-02T08:26:16.762+0000][537.029s][11677] GC(1356) Pause Full (Allocation Failure) 512M->512M(540M) 357.431ms
[2026-10-02T08:26:17.127+0000][537.393s][11677] GC(1357) Pause Full (Diagnostic Command) 512M->512M(540M) 364.623ms
[2026-10-02T08:26:17.486+0000][537.752s][11677] GC(1358) Pause Full (Allocation Failure) 512M->512M(539M) 358.626ms
[2026-10-02T08:26:17.858+0000][538.125s][11677] GC(1359) Pause Full (Allocation Failure) 512M->512M(540M) 371.762ms
[2026-10-02T08:26:18.213+0000][538.479s][11677] GC(1360) Pause Full (Allocation Failure) 512M->512M(539M) 354.234ms
[2026-10-02T08:26:18.570+0000][538.836s][11677] GC(1361) Pause Full (Allocation Failure) 512M->512M(540M) 356.884ms
[2026-10-02T08:26:18.929+0000][539.195s][11677] GC(1362) Pause Full (Allocation Failure) 512M->512M(539M) 358.293ms
[2026-10-02T08:26:19.285+0000][539.551s][11677] GC(1363) Pause Full (Allocation Failure) 512M->512M(540M) 356.094ms
[2026-10-02T08:26:19.643+0000][539.910s][11677] GC(1364) Pause Full (Allocation Failure) 512M->512M(539M) 358.124ms
[2026-10-02T08:26:20.020+0000][540.287s][11677] GC(1365) Pause Full (Allocation Failure) 512M->512M(540M) 376.869ms
[2026-10-02T08:26:20.383+0000][540.649s][11677] GC(1366) Pause Full (Allocation Failure) 512M->512M(539M) 362.173ms
[2026-10-02T08:26:20.749+0000][541.016s][11677] GC(1367) Pause Full (Allocation Failure) 512M->512M(540M) 366.096ms
[2026-10-02T08:26:21.111+0000][541.377s][11677] GC(1368) Pause Full (Allocation Failure) 512M->512M(539M) 361.553ms
[2026-10-02T08:26:21.473+0000][541.739s][11677] GC(1369) Pause Full (Allocation Failure) 512M->512M(540M) 361.236ms
[2026-10-02T08:26:21.848+0000][542.115s][11677] GC(1370) Pause Full (Allocation Failure) 512M->512M(539M) 375.284ms
[2026-10-02T08:26:22.299+0000][542.565s][11677] GC(1371) Pause Full (Allocation Failure) 512M->512M(540M) 450.482ms
[2026-10-02T08:26:22.670+0000][542.936s][11677] GC(1372) Pause Full (Allocation Failure) 512M->512M(539M) 370.533ms
[2026-10-02T08:26:23.033+0000][543.299s][11677] GC(1373) Pause Full (Allocation Failure) 512M->512M(540M) 362.247ms
[2026-10-02T08:26:23.394+0000][543.660s][11677] GC(1374) Pause Full (Diagnostic Command) 512M->512M(540M) 360.518ms
[2026-10-02T08:26:23.756+0000][544.022s][11677] GC(1375) Pause Full (Allocation Failure) 512M->512M(539M) 361.843ms
[2026-10-02T08:26:24.129+0000][544.395s][11677] GC(1376) Pause Full (Allocation Failure) 512M->512M(540M) 372.383ms
[2026-10-02T08:26:24.486+0000][544.753s][11677] GC(1377) Pause Full (Allocation Failure) 512M->512M(539M) 357.368ms
[2026-10-02T08:26:24.845+0000][545.111s][11677] GC(1378) Pause Full (Allocation Failure) 512M->512M(540M) 358.242ms
[2026-10-02T08:26:25.203+0000][545.469s][11677] GC(1379) Pause Full (Allocation Failure) 512M->512M(539M) 357.729ms
[2026-10-02T08:26:25.560+0000][545.826s][11677] GC(1380) Pause Full (Allocation Failure) 512M->512M(540M) 356.907ms
[2026-10-02T08:26:25.945+0000][546.211s][11677] GC(1381) Pause Full (Allocation Failure) 512M->512M(539M) 384.171ms
[2026-10-02T08:26:26.319+0000][546.585s][11677] GC(1382) Pause Full (Allocation Failure) 512M->512M(540M) 373.944ms
[2026-10-02T08:26:26.678+0000][546.944s][11677] GC(1383) Pause Full (Allocation Failure) 512M->512M(539M) 358.830ms
[2026-10-02T08:26:27.034+0000][547.301s][11677] GC(1384) Pause Full (Allocation Failure) 512M->512M(540M) 356.269ms
[2026-10-02T08:26:27.394+0000][547.660s][11677] GC(1385) Pause Full (Allocation Failure) 512M->512M(539M) 359.140ms
[2026-10-02T08:26:27.754+0000][548.021s][11677] GC(1386) Pause Full (Allocation Failure) 512M->512M(540M) 360.386ms
[2026-10-02T08:26:28.139+0000][548.406s][11677] GC(1387) Pause Full (Allocation Failure) 512M->512M(539M) 384.508ms
[2026-10-02T08:26:28.574+0000][548.840s][11677] GC(1388) Pause Full (Allocation Failure) 512M->512M(540M) 434.047ms
[2026-10-02T08:26:28.934+0000][549.201s][11677] GC(1389) Pause Full (Allocation Failure) 512M->512M(539M) 359.907ms
[2026-10-02T08:26:29.292+0000][549.559s][11677] GC(1390) Pause Full (Allocation Failure) 512M->512M(540M) 356.916ms
[2026-10-02T08:26:29.651+0000][549.917s][11677] GC(1391) Pause Full (Diagnostic Command) 512M->512M(540M) 357.559ms
[2026-10-02T08:26:30.009+0000][550.276s][11677] GC(1392) Pause Full (Allocation Failure) 512M->512M(539M) 357.999ms
[2026-10-02T08:26:30.383+0000][550.650s][11677] GC(1393) Pause Full (Allocation Failure) 512M->512M(540M) 373.600ms
[2026-10-02T08:26:30.742+0000][551.008s][11677] GC(1394) Pause Full (Allocation Failure) 512M->512M(539M) 357.868ms
[2026-10-02T08:26:31.099+0000][551.365s][11677] GC(1395) Pause Full (Allocation Failure) 512M->512M(540M) 357.148ms
[2026-10-02T08:26:31.457+0000][551.723s][11677] GC(1396) Pause Full (Allocation Failure) 512M->512M(539M) 357.283ms
[2026-10-02T08:26:31.814+0000][552.081s][11677] GC(1397) Pause Full (Allocation Failure) 512M->512M(540M) 357.269ms
[2026-10-02T08:26:32.172+0000][552.438s][11677] GC(1398) Pause Full (Allocation Failure) 512M->512M(539M) 357.247ms
[2026-10-02T08:26:32.548+0000][552.814s][11677] GC(1399) Pause Full (Allocation Failure) 512M->512M(540M) 376.044ms
[2026-10-02T08:26:32.905+0000][553.171s][11677] GC(1400) Pause Full (Allocation Failure) 512M->512M(539M) 356.130ms
[2026-10-02T08:26:33.261+0000][553.528s][11677] GC(1401) Pause Full (Allocation Failure) 512M->512M(540M) 356.507ms
[2026-10-02T08:26:33.619+0000][553.885s][11677] GC(1402) Pause Full (Allocation Failure) 512M->512M(539M) 357.355ms
[2026-10-02T08:26:33.974+0000][554.240s][11677] GC(1403) Pause Full (Allocation Failure) 512M->512M(540M) 354.904ms
[2026-10-02T08:26:34.329+0000][554.596s][11677] GC(1404) Pause Full (Allocation Failure) 512M->512M(539M) 355.032ms
[2026-10-02T08:26:34.783+0000][555.050s][11677] GC(1405) Pause Full (Allocation Failure) 512M->512M(540M) 453.714ms
[2026-10-02T08:26:35.142+0000][555.408s][11677] GC(1406) Pause Full (Allocation Failure) 512M->512M(539M) 358.216ms
[2026-10-02T08:26:35.500+0000][555.767s][11677] GC(1407) Pause Full (Allocation Failure) 512M->512M(540M) 357.807ms
[2026-10-02T08:26:35.858+0000][556.125s][11677] GC(1408) Pause Full (Diagnostic Command) 512M->512M(540M) 357.688ms
[2026-10-02T08:26:36.218+0000][556.485s][11677] GC(1409) Pause Full (Allocation Failure) 512M->512M(539M) 359.518ms
[2026-10-02T08:26:36.592+0000][556.859s][11677] GC(1410) Pause Full (Allocation Failure) 512M->512M(540M) 373.715ms
[2026-10-02T08:26:36.954+0000][557.220s][11677] GC(1411) Pause Full (Allocation Failure) 512M->512M(539M) 361.521ms
[2026-10-02T08:26:37.313+0000][557.579s][11677] GC(1412) Pause Full (Allocation Failure) 512M->512M(540M) 358.515ms
[2026-10-02T08:26:37.669+0000][557.935s][11677] GC(1413) Pause Full (Allocation Failure) 512M->512M(539M) 355.836ms
[2026-10-02T08:26:38.027+0000][558.294s][11677] GC(1414) Pause Full (Allocation Failure) 512M->512M(540M) 358.204ms
[2026-10-02T08:26:38.385+0000][558.652s][11677] GC(1415) Pause Full (Allocation Failure) 512M->512M(539M) 357.377ms
[2026-10-02T08:26:38.762+0000][559.028s][11677] GC(1416) Pause Full (Allocation Failure) 512M->512M(540M) 376.071ms
[2026-10-02T08:26:39.120+0000][559.387s][11677] GC(1417) Pause Full (Allocation Failure) 512M->512M(539M) 358.289ms
[2026-10-02T08:26:39.479+0000][559.745s][11677] GC(1418) Pause Full (Allocation Failure) 512M->512M(540M) 358.305ms
[2026-10-02T08:26:39.837+0000][560.104s][11677] GC(1419) Pause Full (Allocation Failure) 512M->512M(539M) 357.944ms
[2026-10-02T08:26:40.197+0000][560.463s][11677] GC(1420) Pause Full (Allocation Failure) 512M->512M(540M) 357.157ms
[2026-10-02T08:26:40.555+0000][560.821s][11677] GC(1421) Pause Full (Allocation Failure) 512M->512M(539M) 358.099ms
[2026-10-02T08:26:41.013+0000][561.280s][11677] GC(1422) Pause Full (Allocation Failure) 512M->512M(540M) 458.327ms
[2026-10-02T08:26:41.372+0000][561.638s][11677] GC(1423) Pause Full (Allocation Failure) 512M->512M(539M) 357.793ms
[2026-10-02T08:26:41.735+0000][562.002s][11677] GC(1424) Pause Full (Allocation Failure) 512M->512M(540M) 362.914ms
[2026-10-02T08:26:42.170+0000][562.436s][11677] GC(1425) Pause Full (Diagnostic Command) 512M->512M(540M) 433.933ms
[2026-10-02T08:26:42.527+0000][562.793s][11677] GC(1426) Pause Full (Allocation Failure) 512M->512M(539M) 356.411ms
[2026-10-02T08:26:42.898+0000][563.164s][11677] GC(1427) Pause Full (Allocation Failure) 512M->512M(540M) 370.780ms
[2026-10-02T08:26:43.255+0000][563.522s][11677] GC(1428) Pause Full (Allocation Failure) 512M->512M(539M) 356.836ms
[2026-10-02T08:26:43.613+0000][563.880s][11677] GC(1429) Pause Full (Allocation Failure) 512M->512M(540M) 357.485ms
[2026-10-02T08:26:43.970+0000][564.236s][11677] GC(1430) Pause Full (Allocation Failure) 512M->512M(539M) 356.031ms
[2026-10-02T08:26:44.412+0000][564.678s][11677] GC(1431) Pause Full (Allocation Failure) 512M->512M(540M) 441.151ms
[2026-10-02T08:26:44.773+0000][565.039s][11677] GC(1432) Pause Full (Allocation Failure) 512M->512M(539M) 361.019ms
[2026-10-02T08:26:45.138+0000][565.404s][11677] GC(1433) Pause Full (Allocation Failure) 512M->512M(540M) 364.469ms
[2026-10-02T08:26:45.493+0000][565.759s][11677] GC(1434) Pause Full (Allocation Failure) 512M->512M(539M) 354.364ms
[2026-10-02T08:26:45.849+0000][566.115s][11677] GC(1435) Pause Full (Allocation Failure) 512M->512M(540M) 355.939ms
[2026-10-02T08:26:46.206+0000][566.472s][11677] GC(1436) Pause Full (Allocation Failure) 512M->512M(539M) 356.495ms
[2026-10-02T08:26:46.562+0000][566.828s][11677] GC(1437) Pause Full (Allocation Failure) 512M->512M(540M) 355.834ms
[2026-10-02T08:26:46.966+0000][567.232s][11677] GC(1438) Pause Full (Allocation Failure) 512M->512M(539M) 403.292ms
[2026-10-02T08:26:47.382+0000][567.648s][11677] GC(1439) Pause Full (Allocation Failure) 512M->512M(540M) 415.569ms
[2026-10-02T08:26:47.747+0000][568.014s][11677] GC(1440) Pause Full (Allocation Failure) 512M->512M(539M) 365.488ms
[2026-10-02T08:26:48.105+0000][568.371s][11677] GC(1441) Pause Full (Allocation Failure) 512M->512M(540M) 356.864ms
[2026-10-02T08:26:48.461+0000][568.728s][11677] GC(1442) Pause Full (Diagnostic Command) 512M->512M(540M) 356.064ms
[2026-10-02T08:26:48.824+0000][569.090s][11677] GC(1443) Pause Full (Allocation Failure) 512M->512M(539M) 362.207ms
[2026-10-02T08:26:49.202+0000][569.468s][11677] GC(1444) Pause Full (Allocation Failure) 512M->512M(540M) 377.660ms
[2026-10-02T08:26:49.562+0000][569.828s][11677] GC(1445) Pause Full (Allocation Failure) 512M->512M(539M) 359.655ms
[2026-10-02T08:26:49.919+0000][570.186s][11677] GC(1446) Pause Full (Allocation Failure) 512M->512M(540M) 357.148ms
[2026-10-02T08:26:50.276+0000][570.542s][11677] GC(1447) Pause Full (Allocation Failure) 512M->512M(539M) 356.220ms
[2026-10-02T08:26:50.635+0000][570.901s][11677] GC(1448) Pause Full (Allocation Failure) 512M->512M(540M) 358.564ms
[2026-10-02T08:26:50.992+0000][571.258s][11677] GC(1449) Pause Full (Allocation Failure) 512M->512M(539M) 356.349ms
[2026-10-02T08:26:51.364+0000][571.631s][11677] GC(1450) Pause Full (Allocation Failure) 512M->512M(540M) 372.302ms
[2026-10-02T08:26:51.725+0000][571.991s][11677] GC(1451) Pause Full (Allocation Failure) 512M->512M(539M) 360.049ms
[2026-10-02T08:26:52.085+0000][572.351s][11677] GC(1452) Pause Full (Allocation Failure) 512M->512M(540M) 360.241ms
[2026-10-02T08:26:52.443+0000][572.709s][11677] GC(1453) Pause Full (Allocation Failure) 512M->512M(539M) 357.017ms
[2026-10-02T08:26:52.799+0000][573.065s][11677] GC(1454) Pause Full (Allocation Failure) 512M->512M(540M) 356.030ms
[2026-10-02T08:26:53.177+0000][573.443s][11677] GC(1455) Pause Full (Allocation Failure) 512M->512M(539M) 377.377ms
[2026-10-02T08:26:53.613+0000][573.879s][11677] GC(1456) Pause Full (Allocation Failure) 512M->512M(540M) 435.106ms
[2026-10-02T08:26:53.973+0000][574.239s][11677] GC(1457) Pause Full (Allocation Failure) 512M->512M(539M) 359.121ms
[2026-10-02T08:26:54.332+0000][574.598s][11677] GC(1458) Pause Full (Allocation Failure) 512M->512M(540M) 358.594ms
[2026-10-02T08:26:54.688+0000][574.954s][11677] GC(1459) Pause Full (Diagnostic Command) 512M->512M(540M) 356.066ms
[2026-10-02T08:26:55.054+0000][575.320s][11677] GC(1460) Pause Full (Allocation Failure) 512M->512M(539M) 365.134ms
[2026-10-02T08:26:55.427+0000][575.694s][11677] GC(1461) Pause Full (Allocation Failure) 512M->512M(540M) 373.347ms
[2026-10-02T08:26:55.786+0000][576.052s][11677] GC(1462) Pause Full (Allocation Failure) 512M->512M(539M) 358.440ms
[2026-10-02T08:26:56.144+0000][576.410s][11677] GC(1463) Pause Full (Allocation Failure) 512M->512M(540M) 357.145ms
[2026-10-02T08:26:56.502+0000][576.769s][11677] GC(1464) Pause Full (Allocation Failure) 512M->512M(539M) 358.348ms
[2026-10-02T08:26:56.861+0000][577.128s][11677] GC(1465) Pause Full (Allocation Failure) 512M->512M(540M) 358.431ms
[2026-10-02T08:26:57.220+0000][577.487s][11677] GC(1466) Pause Full (Allocation Failure) 512M->512M(539M) 358.782ms
[2026-10-02T08:26:57.594+0000][577.860s][11677] GC(1467) Pause Full (Allocation Failure) 512M->512M(540M) 372.832ms
[2026-10-02T08:26:57.950+0000][578.216s][11677] GC(1468) Pause Full (Allocation Failure) 512M->512M(539M) 355.678ms
[2026-10-02T08:26:58.307+0000][578.573s][11677] GC(1469) Pause Full (Allocation Failure) 512M->512M(540M) 356.389ms
[2026-10-02T08:26:58.746+0000][579.012s][11677] GC(1470) Pause Full (Allocation Failure) 512M->512M(539M) 438.476ms
[2026-10-02T08:26:59.106+0000][579.372s][11677] GC(1471) Pause Full (Allocation Failure) 512M->512M(540M) 360.045ms
[2026-10-02T08:26:59.616+0000][579.883s][11677] GC(1472) Pause Full (Allocation Failure) 512M->512M(539M) 510.345ms
[2026-10-02T08:26:59.996+0000][580.263s][11677] GC(1473) Pause Full (Allocation Failure) 512M->512M(540M) 379.736ms
[2026-10-02T08:27:00.356+0000][580.623s][11677] GC(1474) Pause Full (Allocation Failure) 512M->512M(539M) 359.519ms
[2026-10-02T08:27:00.712+0000][580.978s][11677] GC(1475) Pause Full (Allocation Failure) 512M->512M(540M) 355.072ms
[2026-10-02T08:27:01.151+0000][581.417s][11677] GC(1476) Pause Full (Diagnostic Command) 512M->512M(540M) 438.681ms
[2026-10-02T08:27:01.515+0000][581.781s][11677] GC(1477) Pause Full (Allocation Failure) 512M->512M(539M) 363.636ms
[2026-10-02T08:27:01.885+0000][582.152s][11677] GC(1478) Pause Full (Allocation Failure) 512M->512M(540M) 370.319ms
[2026-10-02T08:27:02.241+0000][582.507s][11677] GC(1479) Pause Full (Allocation Failure) 512M->512M(539M) 355.184ms
[2026-10-02T08:27:02.599+0000][582.865s][11677] GC(1480) Pause Full (Allocation Failure) 512M->512M(540M) 357.272ms
[2026-10-02T08:27:02.956+0000][583.222s][11677] GC(1481) Pause Full (Allocation Failure) 512M->512M(539M) 356.639ms
[2026-10-02T08:27:03.313+0000][583.579s][11677] GC(1482) Pause Full (Allocation Failure) 512M->512M(540M) 356.999ms
[2026-10-02T08:27:03.683+0000][583.950s][11677] GC(1483) Pause Full (Allocation Failure) 512M->512M(539M) 369.898ms
[2026-10-02T08:27:04.041+0000][584.308s][11677] GC(1484) Pause Full (Allocation Failure) 512M->512M(540M) 357.833ms
[2026-10-02T08:27:04.401+0000][584.667s][11677] GC(1485) Pause Full (Allocation Failure) 512M->512M(539M) 359.111ms
[2026-10-02T08:27:04.758+0000][585.025s][11677] GC(1486) Pause Full (Allocation Failure) 512M->512M(540M) 357.408ms
[2026-10-02T08:27:05.114+0000][585.380s][11677] GC(1487) Pause Full (Allocation Failure) 512M->512M(539M) 355.130ms
[2026-10-02T08:27:05.469+0000][585.735s][11677] GC(1488) Pause Full (Allocation Failure) 512M->512M(540M) 354.299ms
[2026-10-02T08:27:05.887+0000][586.153s][11677] GC(1489) Pause Full (Allocation Failure) 512M->512M(539M) 418.018ms
[2026-10-02T08:27:06.276+0000][586.543s][11677] GC(1490) Pause Full (Allocation Failure) 512M->512M(540M) 388.899ms
[2026-10-02T08:27:06.634+0000][586.900s][11677] GC(1491) Pause Full (Allocation Failure) 512M->512M(539M) 357.364ms
[2026-10-02T08:27:06.996+0000][587.262s][11677] GC(1492) Pause Full (Allocation Failure) 512M->512M(540M) 361.046ms
[2026-10-02T08:27:07.352+0000][587.619s][11677] GC(1493) Pause Full (Diagnostic Command) 512M->512M(540M) 356.391ms
[2026-10-02T08:27:07.710+0000][587.976s][11677] GC(1494) Pause Full (Allocation Failure) 512M->512M(539M) 357.216ms
[2026-10-02T08:27:08.082+0000][588.348s][11677] GC(1495) Pause Full (Allocation Failure) 512M->512M(540M) 372.020ms
[2026-10-02T08:27:08.437+0000][588.704s][11677] GC(1496) Pause Full (Allocation Failure) 512M->512M(539M) 355.018ms
[2026-10-02T08:27:08.797+0000][589.063s][11677] GC(1497) Pause Full (Allocation Failure) 512M->512M(540M) 359.167ms
[2026-10-02T08:27:09.151+0000][589.418s][11677] GC(1498) Pause Full (Allocation Failure) 512M->512M(539M) 354.143ms
[2026-10-02T08:27:09.513+0000][589.779s][11677] GC(1499) Pause Full (Allocation Failure) 512M->512M(540M) 361.046ms
[2026-10-02T08:27:09.868+0000][590.134s][11677] GC(1500) Pause Full (Allocation Failure) 512M->512M(539M) 354.802ms
[2026-10-02T08:27:10.241+0000][590.507s][11677] GC(1501) Pause Full (Allocation Failure) 512M->512M(540M) 372.538ms
[2026-10-02T08:27:10.597+0000][590.863s][11677] GC(1502) Pause Full (Allocation Failure) 512M->512M(539M) 355.555ms
[2026-10-02T08:27:10.953+0000][591.219s][11677] GC(1503) Pause Full (Allocation Failure) 512M->512M(540M) 355.571ms
[2026-10-02T08:27:11.307+0000][591.573s][11677] GC(1504) Pause Full (Allocation Failure) 512M->512M(539M) 353.862ms
[2026-10-02T08:27:11.662+0000][591.928s][11677] GC(1505) Pause Full (Allocation Failure) 512M->512M(540M) 354.519ms
[2026-10-02T08:27:12.021+0000][592.287s][11677] GC(1506) Pause Full (Allocation Failure) 512M->512M(539M) 359.169ms
[2026-10-02T08:27:12.478+0000][592.744s][11677] GC(1507) Pause Full (Allocation Failure) 512M->512M(540M) 456.669ms
[2026-10-02T08:27:12.838+0000][593.104s][11677] GC(1508) Pause Full (Allocation Failure) 512M->512M(539M) 359.677ms
[2026-10-02T08:27:13.196+0000][593.463s][11677] GC(1509) Pause Full (Diagnostic Command) 512M->512M(539M) 357.538ms
[2026-10-02T08:27:13.556+0000][593.822s][11677] GC(1510) Pause Full (Allocation Failure) 512M->512M(540M) 358.568ms
[2026-10-02T08:27:13.915+0000][594.181s][11677] GC(1511) Pause Full (Allocation Failure) 512M->512M(539M) 358.583ms
[2026-10-02T08:27:14.285+0000][594.552s][11677] GC(1512) Pause Full (Allocation Failure) 512M->512M(540M) 370.437ms
[2026-10-02T08:27:14.645+0000][594.912s][11677] GC(1513) Pause Full (Allocation Failure) 512M->512M(539M) 359.587ms
[2026-10-02T08:27:15.002+0000][595.268s][11677] GC(1514) Pause Full (Allocation Failure) 512M->512M(540M) 356.180ms
[2026-10-02T08:27:15.357+0000][595.623s][11677] GC(1515) Pause Full (Allocation Failure) 512M->512M(539M) 354.932ms
[2026-10-02T08:27:15.718+0000][595.985s][11677] GC(1516) Pause Full (Allocation Failure) 512M->512M(540M) 360.924ms
[2026-10-02T08:27:16.074+0000][596.340s][11677] GC(1517) Pause Full (Allocation Failure) 512M->512M(539M) 355.087ms
[2026-10-02T08:27:16.447+0000][596.713s][11677] GC(1518) Pause Full (Allocation Failure) 512M->512M(540M) 372.905ms
[2026-10-02T08:27:16.803+0000][597.069s][11677] GC(1519) Pause Full (Allocation Failure) 512M->512M(539M) 355.479ms
[2026-10-02T08:27:17.160+0000][597.426s][11677] GC(1520) Pause Full (Allocation Failure) 512M->512M(540M) 357.024ms
[2026-10-02T08:27:17.515+0000][597.781s][11677] GC(1521) Pause Full (Allocation Failure) 512M->512M(539M) 354.682ms
[2026-10-02T08:27:17.872+0000][598.139s][11677] GC(1522) Pause Full (Allocation Failure) 512M->512M(540M) 357.188ms
[2026-10-02T08:27:18.230+0000][598.497s][11677] GC(1523) Pause Full (Allocation Failure) 512M->512M(539M) 357.936ms
[2026-10-02T08:27:18.687+0000][598.953s][11677] GC(1524) Pause Full (Allocation Failure) 512M->512M(540M) 456.385ms
[2026-10-02T08:27:19.051+0000][599.317s][11677] GC(1525) Pause Full (Allocation Failure) 512M->512M(539M) 363.235ms
[2026-10-02T08:27:19.409+0000][599.675s][11677] GC(1526) Pause Full (Allocation Failure) 512M->512M(540M) 357.858ms
[2026-10-02T08:27:19.766+0000][600.032s][11677] GC(1527) Pause Full (Diagnostic Command) 512M->512M(540M) 356.497ms
[2026-10-02T08:27:20.124+0000][600.391s][11677] GC(1528) Pause Full (Allocation Failure) 512M->512M(539M) 358.074ms
[2026-10-02T08:27:20.497+0000][600.763s][11677] GC(1529) Pause Full (Allocation Failure) 512M->512M(540M) 372.440ms
[2026-10-02T08:27:20.853+0000][601.120s][11677] GC(1530) Pause Full (Allocation Failure) 512M->512M(539M) 356.008ms
[2026-10-02T08:27:21.210+0000][601.476s][11677] GC(1531) Pause Full (Allocation Failure) 512M->512M(540M) 356.175ms
[2026-10-02T08:27:21.568+0000][601.834s][11677] GC(1532) Pause Full (Allocation Failure) 512M->512M(539M) 358.289ms
[2026-10-02T08:27:21.927+0000][602.193s][11677] GC(1533) Pause Full (Allocation Failure) 512M->512M(540M) 358.424ms
[2026-10-02T08:27:22.284+0000][602.550s][11677] GC(1534) Pause Full (Allocation Failure) 512M->512M(539M) 357.000ms
[2026-10-02T08:27:22.651+0000][602.918s][11677] GC(1535) Pause Full (Allocation Failure) 512M->512M(540M) 367.179ms
[2026-10-02T08:27:23.007+0000][603.273s][11677] GC(1536) Pause Full (Allocation Failure) 512M->512M(539M) 355.178ms
[2026-10-02T08:27:23.364+0000][603.631s][11677] GC(1537) Pause Full (Allocation Failure) 512M->512M(540M) 357.206ms
[2026-10-02T08:27:23.719+0000][603.985s][11677] GC(1538) Pause Full (Allocation Failure) 512M->512M(539M) 354.569ms
[2026-10-02T08:27:24.073+0000][604.340s][11677] GC(1539) Pause Full (Allocation Failure) 512M->512M(540M) 354.266ms
[2026-10-02T08:27:24.522+0000][604.788s][11677] GC(1540) Pause Full (Allocation Failure) 512M->512M(539M) 447.918ms
[2026-10-02T08:27:25.085+0000][605.352s][11677] GC(1541) Pause Full (Allocation Failure) 512M->512M(540M) 563.485ms
[2026-10-02T08:27:25.444+0000][605.711s][11677] GC(1542) Pause Full (Allocation Failure) 512M->512M(539M) 358.600ms
[2026-10-02T08:27:25.824+0000][606.090s][11677] GC(1543) Pause Full (Diagnostic Command) 512M->512M(539M) 378.981ms
[2026-10-02T08:27:26.281+0000][606.547s][11677] GC(1544) Pause Full (Allocation Failure) 512M->512M(540M) 456.560ms
[2026-10-02T08:27:26.637+0000][606.904s][11677] GC(1545) Pause Full (Allocation Failure) 512M->512M(539M) 356.661ms
[2026-10-02T08:27:27.009+0000][607.275s][11677] GC(1546) Pause Full (Allocation Failure) 512M->512M(540M) 371.621ms
[2026-10-02T08:27:27.367+0000][607.633s][11677] GC(1547) Pause Full (Allocation Failure) 512M->512M(539M) 357.591ms
[2026-10-02T08:27:27.722+0000][607.988s][11677] GC(1548) Pause Full (Allocation Failure) 512M->512M(540M) 354.443ms
[2026-10-02T08:27:28.076+0000][608.342s][11677] GC(1549) Pause Full (Allocation Failure) 512M->512M(539M) 354.206ms
[2026-10-02T08:27:28.431+0000][608.698s][11677] GC(1550) Pause Full (Allocation Failure) 512M->512M(540M) 355.276ms
[2026-10-02T08:27:28.898+0000][609.164s][11677] GC(1551) Pause Full (Allocation Failure) 512M->512M(539M) 465.456ms
[2026-10-02T08:27:29.257+0000][609.523s][11677] GC(1552) Pause Full (Allocation Failure) 512M->512M(540M) 358.803ms
[2026-10-02T08:27:29.614+0000][609.880s][11677] GC(1553) Pause Full (Allocation Failure) 512M->512M(539M) 356.015ms
[2026-10-02T08:27:29.970+0000][610.236s][11677] GC(1554) Pause Full (Allocation Failure) 512M->512M(540M) 356.033ms
[2026-10-02T08:27:30.325+0000][610.592s][11677] GC(1555) Pause Full (Allocation Failure) 512M->512M(539M) 355.155ms
[2026-10-02T08:27:30.682+0000][610.949s][11677] GC(1556) Pause Full (Allocation Failure) 512M->512M(540M) 356.772ms
[2026-10-02T08:27:31.141+0000][611.407s][11677] GC(1557) Pause Full (Allocation Failure) 512M->512M(539M) 458.637ms
[2026-10-02T08:27:31.512+0000][611.778s][11677] GC(1558) Pause Full (Allocation Failure) 512M->512M(540M) 368.738ms
[2026-10-02T08:27:31.872+0000][612.138s][11677] GC(1559) Pause Full (Diagnostic Command) 512M->512M(540M) 359.097ms
[2026-10-02T08:27:32.332+0000][612.599s][11677] GC(1560) Pause Full (Allocation Failure) 512M->512M(539M) 460.100ms
[2026-10-02T08:27:32.786+0000][613.052s][11677] GC(1561) Pause Full (Allocation Failure) 512M->512M(540M) 452.962ms
[2026-10-02T08:27:33.160+0000][613.426s][11677] GC(1562) Pause Full (Allocation Failure) 512M->512M(539M) 373.595ms
[2026-10-02T08:27:33.518+0000][613.784s][11677] GC(1563) Pause Full (Allocation Failure) 512M->512M(540M) 357.819ms
[2026-10-02T08:27:33.876+0000][614.143s][11677] GC(1564) Pause Full (Allocation Failure) 512M->512M(539M) 358.103ms
[2026-10-02T08:27:34.237+0000][614.503s][11677] GC(1565) Pause Full (Allocation Failure) 512M->512M(540M) 360.078ms
[2026-10-02T08:27:34.594+0000][614.861s][11677] GC(1566) Pause Full (Allocation Failure) 512M->512M(539M) 357.132ms
[2026-10-02T08:27:34.954+0000][615.220s][11677] GC(1567) Pause Full (Allocation Failure) 512M->512M(540M) 359.115ms
[2026-10-02T08:27:35.327+0000][615.593s][11677] GC(1568) Pause Full (Allocation Failure) 512M->512M(539M) 372.691ms
[2026-10-02T08:27:35.684+0000][615.950s][11677] GC(1569) Pause Full (Allocation Failure) 512M->512M(540M) 356.568ms
[2026-10-02T08:27:36.041+0000][616.308s][11677] GC(1570) Pause Full (Allocation Failure) 512M->512M(539M) 357.366ms
[2026-10-02T08:27:36.397+0000][616.663s][11677] GC(1571) Pause Full (Allocation Failure) 512M->512M(540M) 355.356ms
[2026-10-02T08:27:36.754+0000][617.020s][11677] GC(1572) Pause Full (Allocation Failure) 512M->512M(539M) 356.207ms
[2026-10-02T08:27:37.114+0000][617.381s][11677] GC(1573) Pause Full (Allocation Failure) 512M->512M(540M) 360.629ms
[2026-10-02T08:27:37.572+0000][617.839s][11677] GC(1574) Pause Full (Allocation Failure) 512M->512M(539M) 457.459ms
[2026-10-02T08:27:37.934+0000][618.201s][11677] GC(1575) Pause Full (Allocation Failure) 512M->512M(540M) 361.822ms
[2026-10-02T08:27:38.292+0000][618.558s][11677] GC(1576) Pause Full (Diagnostic Command) 512M->512M(540M) 357.295ms
[2026-10-02T08:27:38.663+0000][618.929s][11677] GC(1577) Pause Full (Allocation Failure) 512M->512M(539M) 370.275ms
[2026-10-02T08:27:39.026+0000][619.293s][11677] GC(1578) Pause Full (Allocation Failure) 512M->512M(540M) 363.401ms
[2026-10-02T08:27:39.404+0000][619.671s][11677] GC(1579) Pause Full (Allocation Failure) 512M->512M(539M) 377.623ms
[2026-10-02T08:27:39.769+0000][620.035s][11677] GC(1580) Pause Full (Allocation Failure) 512M->512M(540M) 364.011ms
[2026-10-02T08:27:40.131+0000][620.397s][11677] GC(1581) Pause Full (Allocation Failure) 512M->512M(539M) 361.804ms
[2026-10-02T08:27:40.491+0000][620.757s][11677] GC(1582) Pause Full (Allocation Failure) 512M->512M(540M) 359.402ms
[2026-10-02T08:27:40.854+0000][621.120s][11677] GC(1583) Pause Full (Allocation Failure) 512M->512M(539M) 362.716ms
[2026-10-02T08:27:41.218+0000][621.484s][11677] GC(1584) Pause Full (Allocation Failure) 512M->512M(540M) 363.781ms
[2026-10-02T08:27:41.597+0000][621.864s][11677] GC(1585) Pause Full (Allocation Failure) 512M->512M(539M) 379.105ms
[2026-10-02T08:27:41.962+0000][622.228s][11677] GC(1586) Pause Full (Allocation Failure) 512M->512M(540M) 364.235ms
[2026-10-02T08:27:42.412+0000][622.678s][11677] GC(1587) Pause Full (Allocation Failure) 512M->512M(539M) 449.399ms
[2026-10-02T08:27:42.858+0000][623.125s][11677] GC(1588) Pause Full (Allocation Failure) 512M->512M(540M) 445.955ms
[2026-10-02T08:27:43.219+0000][623.486s][11677] GC(1589) Pause Full (Allocation Failure) 512M->512M(539M) 360.694ms
[2026-10-02T08:27:43.674+0000][623.940s][11677] GC(1590) Pause Full (Allocation Failure) 512M->512M(540M) 454.275ms
[2026-10-02T08:27:44.043+0000][624.309s][11677] GC(1591) Pause Full (Allocation Failure) 512M->512M(539M) 366.036ms
[2026-10-02T08:27:44.403+0000][624.669s][11677] GC(1592) Pause Full (Diagnostic Command) 512M->512M(539M) 359.426ms
[2026-10-02T08:27:44.767+0000][625.033s][11677] GC(1593) Pause Full (Allocation Failure) 512M->512M(540M) 362.612ms
[2026-10-02T08:27:45.125+0000][625.391s][11677] GC(1594) Pause Full (Allocation Failure) 512M->512M(539M) 358.163ms
[2026-10-02T08:27:45.489+0000][625.755s][11677] GC(1595) Pause Full (Allocation Failure) 512M->512M(540M) 363.756ms
[2026-10-02T08:27:45.862+0000][626.129s][11677] GC(1596) Pause Full (Allocation Failure) 512M->512M(539M) 372.695ms
[2026-10-02T08:27:46.224+0000][626.491s][11677] GC(1597) Pause Full (Allocation Failure) 512M->512M(540M) 361.672ms
[2026-10-02T08:27:46.583+0000][626.849s][11677] GC(1598) Pause Full (Allocation Failure) 512M->512M(539M) 358.338ms
[2026-10-02T08:27:46.943+0000][627.210s][11677] GC(1599) Pause Full (Allocation Failure) 512M->512M(540M) 359.926ms
[2026-10-02T08:27:47.307+0000][627.574s][11677] GC(1600) Pause Full (Allocation Failure) 512M->512M(539M) 363.628ms
[2026-10-02T08:27:47.686+0000][627.953s][11677] GC(1601) Pause Full (Allocation Failure) 512M->512M(540M) 378.510ms
[2026-10-02T08:27:48.046+0000][628.312s][11677] GC(1602) Pause Full (Allocation Failure) 512M->512M(539M) 358.977ms
[2026-10-02T08:27:48.405+0000][628.671s][11677] GC(1603) Pause Full (Allocation Failure) 512M->512M(540M) 359.208ms
[2026-10-02T08:27:48.767+0000][629.033s][11677] GC(1604) Pause Full (Allocation Failure) 512M->512M(539M) 361.703ms
[2026-10-02T08:27:49.127+0000][629.393s][11677] GC(1605) Pause Full (Allocation Failure) 512M->512M(540M) 359.337ms
[2026-10-02T08:27:49.486+0000][629.752s][11677] GC(1606) Pause Full (Allocation Failure) 512M->512M(539M) 358.926ms
[2026-10-02T08:27:49.934+0000][630.201s][11677] GC(1607) Pause Full (Allocation Failure) 512M->512M(540M) 447.747ms
[2026-10-02T08:27:50.306+0000][630.573s][11677] GC(1608) Pause Full (Allocation Failure) 512M->512M(539M) 371.661ms
[2026-10-02T08:27:50.672+0000][630.938s][11677] GC(1609) Pause Full (Allocation Failure) 512M->512M(540M) 364.878ms
[2026-10-02T08:27:51.030+0000][631.296s][11677] GC(1610) Pause Full (Diagnostic Command) 512M->512M(540M) 357.974ms
[2026-10-02T08:27:51.392+0000][631.658s][11677] GC(1611) Pause Full (Allocation Failure) 512M->512M(539M) 361.149ms
[2026-10-02T08:27:51.749+0000][632.016s][11677] GC(1612) Pause Full (Allocation Failure) 512M->512M(540M) 357.358ms
[2026-10-02T08:27:52.126+0000][632.392s][11677] GC(1613) Pause Full (Allocation Failure) 512M->512M(539M) 376.019ms
[2026-10-02T08:27:52.485+0000][632.752s][11677] GC(1614) Pause Full (Allocation Failure) 512M->512M(540M) 359.116ms
[2026-10-02T08:27:52.844+0000][633.110s][11677] GC(1615) Pause Full (Allocation Failure) 512M->512M(539M) 358.057ms
[2026-10-02T08:27:53.201+0000][633.468s][11677] GC(1616) Pause Full (Allocation Failure) 512M->512M(540M) 357.375ms
[2026-10-02T08:27:53.557+0000][633.823s][11677] GC(1617) Pause Full (Allocation Failure) 512M->512M(539M) 354.864ms
[2026-10-02T08:27:53.921+0000][634.187s][11677] GC(1618) Pause Full (Allocation Failure) 512M->512M(540M) 363.959ms
[2026-10-02T08:27:54.285+0000][634.551s][11677] GC(1619) Pause Full (Allocation Failure) 512M->512M(539M) 363.256ms
[2026-10-02T08:27:54.639+0000][634.905s][11677] GC(1620) Pause Full (Allocation Failure) 512M->512M(540M) 353.981ms
[2026-10-02T08:27:54.994+0000][635.260s][11677] GC(1621) Pause Full (Allocation Failure) 512M->512M(539M) 354.859ms
[2026-10-02T08:27:55.351+0000][635.617s][11677] GC(1622) Pause Full (Allocation Failure) 512M->512M(540M) 356.207ms
[2026-10-02T08:27:55.715+0000][635.981s][11677] GC(1623) Pause Full (Allocation Failure) 512M->512M(539M) 363.791ms
[2026-10-02T08:27:56.129+0000][636.395s][11677] GC(1624) Pause Full (Allocation Failure) 512M->512M(540M) 413.568ms
[2026-10-02T08:27:56.532+0000][636.798s][11677] GC(1625) Pause Full (Allocation Failure) 512M->512M(539M) 402.807ms
[2026-10-02T08:27:56.897+0000][637.163s][11677] GC(1626) Pause Full (Allocation Failure) 512M->512M(540M) 364.061ms
[2026-10-02T08:27:57.260+0000][637.527s][11677] GC(1627) Pause Full (Allocation Failure) 512M->512M(539M) 363.142ms
[2026-10-02T08:27:57.623+0000][637.889s][11677] GC(1628) Pause Full (Diagnostic Command) 512M->512M(539M) 362.374ms
[2026-10-02T08:27:57.987+0000][638.253s][11677] GC(1629) Pause Full (Allocation Failure) 512M->512M(540M) 363.432ms
[2026-10-02T08:27:58.363+0000][638.629s][11677] GC(1630) Pause Full (Allocation Failure) 512M->512M(539M) 375.530ms
[2026-10-02T08:27:58.724+0000][638.991s][11677] GC(1631) Pause Full (Allocation Failure) 512M->512M(540M) 361.163ms
[2026-10-02T08:27:59.088+0000][639.354s][11677] GC(1632) Pause Full (Allocation Failure) 512M->512M(539M) 363.393ms
[2026-10-02T08:27:59.450+0000][639.716s][11677] GC(1633) Pause Full (Allocation Failure) 512M->512M(540M) 361.095ms
[2026-10-02T08:27:59.812+0000][640.078s][11677] GC(1634) Pause Full (Allocation Failure) 512M->512M(539M) 362.184ms
[2026-10-02T08:28:00.182+0000][640.449s][11677] GC(1635) Pause Full (Allocation Failure) 512M->512M(540M) 369.755ms
[2026-10-02T08:28:00.554+0000][640.821s][11677] GC(1636) Pause Full (Allocation Failure) 512M->512M(539M) 371.661ms
[2026-10-02T08:28:00.918+0000][641.184s][11677] GC(1637) Pause Full (Allocation Failure) 512M->512M(540M) 363.170ms
[2026-10-02T08:28:01.284+0000][641.550s][11677] GC(1638) Pause Full (Allocation Failure) 512M->512M(539M) 365.721ms
[2026-10-02T08:28:01.647+0000][641.914s][11677] GC(1639) Pause Full (Allocation Failure) 512M->512M(540M) 362.769ms
[2026-10-02T08:28:02.011+0000][642.277s][11677] GC(1640) Pause Full (Allocation Failure) 512M->512M(539M) 363.038ms
[2026-10-02T08:28:02.440+0000][642.706s][11677] GC(1641) Pause Full (Allocation Failure) 512M->512M(540M) 428.360ms
[2026-10-02T08:28:02.855+0000][643.121s][11677] GC(1642) Pause Full (Allocation Failure) 512M->512M(539M) 414.322ms
[2026-10-02T08:28:03.227+0000][643.493s][11677] GC(1643) Pause Full (Allocation Failure) 512M->512M(540M) 371.161ms
[2026-10-02T08:28:03.591+0000][643.857s][11677] GC(1644) Pause Full (Allocation Failure) 512M->512M(539M) 363.596ms
[2026-10-02T08:28:03.955+0000][644.222s][11677] GC(1645) Pause Full (Diagnostic Command) 512M->512M(539M) 364.131ms
[2026-10-02T08:28:04.321+0000][644.587s][11677] GC(1646) Pause Full (Allocation Failure) 512M->512M(540M) 364.850ms
[2026-10-02T08:28:04.700+0000][644.966s][11677] GC(1647) Pause Full (Allocation Failure) 512M->512M(539M) 378.980ms
[2026-10-02T08:28:05.060+0000][645.326s][11677] GC(1648) Pause Full (Allocation Failure) 512M->512M(540M) 359.427ms
[2026-10-02T08:28:05.419+0000][645.685s][11677] GC(1649) Pause Full (Allocation Failure) 512M->512M(539M) 358.457ms
[2026-10-02T08:28:05.781+0000][646.048s][11677] GC(1650) Pause Full (Allocation Failure) 512M->512M(540M) 362.011ms
[2026-10-02T08:28:06.226+0000][646.493s][11677] GC(1651) Pause Full (Allocation Failure) 512M->512M(539M) 444.797ms
[2026-10-02T08:28:06.682+0000][646.948s][11677] GC(1652) Pause Full (Allocation Failure) 512M->512M(540M) 454.970ms
[2026-10-02T08:28:07.121+0000][647.387s][11677] GC(1653) Pause Full (Allocation Failure) 512M->512M(539M) 438.525ms
[2026-10-02T08:28:07.480+0000][647.747s][11677] GC(1654) Pause Full (Allocation Failure) 512M->512M(540M) 359.486ms
[2026-10-02T08:28:07.842+0000][648.108s][11677] GC(1655) Pause Full (Allocation Failure) 512M->512M(539M) 361.112ms
[2026-10-02T08:28:08.203+0000][648.469s][11677] GC(1656) Pause Full (Allocation Failure) 512M->512M(540M) 360.827ms
[2026-10-02T08:28:08.565+0000][648.831s][11677] GC(1657) Pause Full (Allocation Failure) 512M->512M(539M) 361.179ms
[2026-10-02T08:28:09.031+0000][649.298s][11677] GC(1658) Pause Full (Allocation Failure) 512M->512M(540M) 466.571ms
[2026-10-02T08:28:09.394+0000][649.660s][11677] GC(1659) Pause Full (Allocation Failure) 512M->512M(539M) 361.878ms
[2026-10-02T08:28:09.752+0000][650.018s][11677] GC(1660) Pause Full (Allocation Failure) 512M->512M(540M) 357.390ms
[2026-10-02T08:28:10.107+0000][650.373s][11677] GC(1661) Pause Full (Diagnostic Command) 512M->512M(540M) 354.613ms
[2026-10-02T08:28:10.464+0000][650.730s][11677] GC(1662) Pause Full (Allocation Failure) 512M->512M(539M) 356.510ms
[2026-10-02T08:28:10.834+0000][651.100s][11677] GC(1663) Pause Full (Allocation Failure) 512M->512M(540M) 370.178ms
[2026-10-02T08:28:11.193+0000][651.459s][11677] GC(1664) Pause Full (Allocation Failure) 512M->512M(539M) 358.442ms
[2026-10-02T08:28:11.558+0000][651.824s][11677] GC(1665) Pause Full (Allocation Failure) 512M->512M(540M) 364.860ms
[2026-10-02T08:28:11.916+0000][652.183s][11677] GC(1666) Pause Full (Allocation Failure) 512M->512M(539M) 357.741ms
[2026-10-02T08:28:12.275+0000][652.541s][11677] GC(1667) Pause Full (Allocation Failure) 512M->512M(540M) 358.042ms
[2026-10-02T08:28:12.632+0000][652.898s][11677] GC(1668) Pause Full (Allocation Failure) 512M->512M(539M) 356.685ms
[2026-10-02T08:28:13.007+0000][653.273s][11677] GC(1669) Pause Full (Allocation Failure) 512M->512M(540M) 374.609ms
[2026-10-02T08:28:13.371+0000][653.637s][11677] GC(1670) Pause Full (Allocation Failure) 512M->512M(539M) 364.032ms
[2026-10-02T08:28:13.733+0000][654.000s][11677] GC(1671) Pause Full (Allocation Failure) 512M->512M(540M) 362.247ms
[2026-10-02T08:28:14.095+0000][654.361s][11677] GC(1672) Pause Full (Allocation Failure) 512M->512M(539M) 361.057ms
[2026-10-02T08:28:14.456+0000][654.723s][11677] GC(1673) Pause Full (Allocation Failure) 512M->512M(540M) 361.113ms
[2026-10-02T08:28:14.817+0000][655.083s][11677] GC(1674) Pause Full (Allocation Failure) 512M->512M(539M) 359.963ms
[2026-10-02T08:28:15.279+0000][655.545s][11677] GC(1675) Pause Full (Allocation Failure) 512M->512M(540M) 462.198ms
[2026-10-02T08:28:15.648+0000][655.914s][11677] GC(1676) Pause Full (Allocation Failure) 512M->512M(539M) 368.585ms
[2026-10-02T08:28:16.012+0000][656.278s][11677] GC(1677) Pause Full (Diagnostic Command) 512M->512M(539M) 363.226ms
[2026-10-02T08:28:16.374+0000][656.640s][11677] GC(1678) Pause Full (Allocation Failure) 512M->512M(540M) 361.334ms
[2026-10-02T08:28:16.735+0000][657.001s][11677] GC(1679) Pause Full (Allocation Failure) 512M->512M(539M) 361.207ms
[2026-10-02T08:28:17.107+0000][657.373s][11677] GC(1680) Pause Full (Allocation Failure) 512M->512M(540M) 371.311ms
[2026-10-02T08:28:17.465+0000][657.731s][11677] GC(1681) Pause Full (Allocation Failure) 512M->512M(539M) 357.881ms
[2026-10-02T08:28:17.822+0000][658.088s][11677] GC(1682) Pause Full (Allocation Failure) 512M->512M(540M) 356.375ms
[2026-10-02T08:28:18.180+0000][658.447s][11677] GC(1683) Pause Full (Allocation Failure) 512M->512M(539M) 358.250ms
[2026-10-02T08:28:18.539+0000][658.805s][11677] GC(1684) Pause Full (Allocation Failure) 512M->512M(540M) 358.002ms
[2026-10-02T08:28:18.898+0000][659.165s][11677] GC(1685) Pause Full (Allocation Failure) 512M->512M(539M) 359.468ms
[2026-10-02T08:28:19.273+0000][659.539s][11677] GC(1686) Pause Full (Allocation Failure) 512M->512M(540M) 374.354ms
[2026-10-02T08:28:19.635+0000][659.901s][11677] GC(1687) Pause Full (Allocation Failure) 512M->512M(539M) 361.164ms
[2026-10-02T08:28:19.994+0000][660.261s][11677] GC(1688) Pause Full (Allocation Failure) 512M->512M(540M) 359.453ms
[2026-10-02T08:28:20.353+0000][660.620s][11677] GC(1689) Pause Full (Allocation Failure) 512M->512M(539M) 358.406ms
[2026-10-02T08:28:20.710+0000][660.976s][11677] GC(1690) Pause Full (Allocation Failure) 512M->512M(540M) 355.967ms
[2026-10-02T08:28:21.067+0000][661.333s][11677] GC(1691) Pause Full (Allocation Failure) 512M->512M(539M) 357.058ms
[2026-10-02T08:28:21.516+0000][661.783s][11677] GC(1692) Pause Full (Allocation Failure) 512M->512M(540M) 448.904ms
[2026-10-02T08:28:21.882+0000][662.148s][11677] GC(1693) Pause Full (Allocation Failure) 512M->512M(539M) 365.244ms
[2026-10-02T08:28:22.245+0000][662.511s][11677] GC(1694) Pause Full (Allocation Failure) 512M->512M(540M) 360.367ms
[2026-10-02T08:28:22.599+0000][662.866s][11677] GC(1695) Pause Full (Allocation Failure) 512M->512M(539M) 353.747ms
[2026-10-02T08:28:22.955+0000][663.221s][11677] GC(1696) Pause Full (Allocation Failure) 512M->512M(540M) 355.211ms
[2026-10-02T08:28:23.329+0000][663.595s][11677] GC(1697) Pause Full (Allocation Failure) 512M->512M(539M) 374.181ms
[2026-10-02T08:28:23.685+0000][663.951s][11677] GC(1698) Pause Full (Allocation Failure) 512M->512M(540M) 355.612ms
[2026-10-02T08:28:24.042+0000][664.308s][11677] GC(1699) Pause Full (Allocation Failure) 512M->512M(539M) 356.971ms
[2026-10-02T08:28:24.398+0000][664.664s][11677] GC(1700) Pause Full (Allocation Failure) 512M->512M(540M) 355.353ms
[2026-10-02T08:28:24.753+0000][665.019s][11677] GC(1701) Pause Full (Allocation Failure) 512M->512M(539M) 355.155ms
[2026-10-02T08:28:25.111+0000][665.377s][11677] GC(1702) Pause Full (Allocation Failure) 512M->512M(540M) 357.969ms
[2026-10-02T08:28:25.484+0000][665.750s][11677] GC(1703) Pause Full (Allocation Failure) 512M->512M(539M) 372.159ms
[2026-10-02T08:28:25.871+0000][666.138s][11677] GC(1704) Pause Full (Allocation Failure) 512M->512M(540M) 387.423ms
[2026-10-02T08:28:26.230+0000][666.497s][11677] GC(1705) Pause Full (Allocation Failure) 512M->512M(539M) 358.709ms
[2026-10-02T08:28:26.589+0000][666.856s][11677] GC(1706) Pause Full (Allocation Failure) 512M->512M(540M) 358.917ms
[2026-10-02T08:28:26.944+0000][667.211s][11677] GC(1707) Pause Full (Allocation Failure) 512M->512M(539M) 354.930ms
[2026-10-02T08:28:27.338+0000][667.604s][11677] GC(1708) Pause Full (Allocation Failure) 512M->512M(540M) 393.308ms
[2026-10-02T08:28:27.371+0000][667.637s][11677] GC(1709) Pause Full (Allocation Failure) 512M->32M(279M) 32.186ms
[2026-10-02T08:28:27.669+0000][667.935s][11677] GC(1710) Pause Full (Diagnostic Command) 37M->12M(279M) 56.858ms
